,model,n_features,outliers,n_splits,mae,mse,r2_score
0,Pipeline,14,yes,4,446.3410745743471,2876512816.856725,-2876512816.856725
1,Pipeline,15,yes,5,339.91831703521086,1306496818.3181548,-1306496818.3181548
2,Pipeline,14,yes,3,414.46233882841784,1136959631.6270034,-1136959631.6270034
3,Pipeline,15,yes,4,275.5984872329612,910707901.5042752,-910707901.5042752
4,Pipeline,14,yes,5,250.23204516729584,794869347.4329304,-794869347.4329304
5,Pipeline,12,yes,4,227.00851132428124,653875187.9111621,-653875187.9111621
6,Pipeline,12,yes,3,247.63312902905787,628359885.2892369,-628359885.2892369
7,Pipeline,13,yes,3,204.50295478932424,558363549.6483532,-558363549.6483532
8,Pipeline,15,yes,3,181.25294592818693,393004325.3772432,-393004325.3772432
9,Pipeline,13,yes,5,173.4724068374521,332674291.3169154,-332674291.3169154
10,Pipeline,13,yes,4,172.88311050679445,331148112.1075662,-331148112.1075662
11,Pipeline,12,yes,5,165.3632492440899,297149122.89211285,-297149122.89211285
12,Pipeline,10,yes,3,115.32019674847895,76586096.1449077,-76586096.1449077
13,Pipeline,11,yes,3,124.40320510452158,68371691.06139047,-68371691.06139047
14,Pipeline,11,yes,4,92.62323530939305,64084594.952905275,-64084594.952905275
15,Pipeline,12,no,4,66.63922991521908,63019403.80838212,-63019403.80838212
16,Pipeline,11,yes,5,91.45604205053857,56634936.34960157,-56634936.34960157
17,Pipeline,14,no,5,51.791815561275804,47565682.73128753,-47565682.73128753
18,Pipeline,13,no,5,51.791815561275214,47565682.73128622,-47565682.73128622
19,Pipeline,9,yes,3,58.16055368650004,21323029.69210838,-21323029.69210838
20,Pipeline,10,yes,5,40.861967894657845,17298495.275166895,-17298495.275166895
21,Pipeline,5,yes,3,20.844340903812505,16050118.509791857,-16050118.509791857
22,Pipeline,10,yes,4,35.99782880324802,13758291.094336962,-13758291.094336962
23,Pipeline,4,yes,3,16.117720752098908,10377836.949393557,-10377836.949393557
24,Pipeline,8,yes,3,22.27959865959033,8633835.538266504,-8633835.538266504
25,Pipeline,14,no,4,24.02797750495761,8193617.472230987,-8193617.472230987
26,Pipeline,13,no,4,24.027977504957722,8193617.472230972,-8193617.472230972
27,Pipeline,3,yes,3,14.451433948619778,7527054.134907099,-7527054.134907099
28,Pipeline,9,yes,4,23.38646003007772,7038255.386227944,-7038255.386227944
29,Pipeline,6,yes,5,14.920843463568009,4605240.395425976,-4605240.395425976
30,Pipeline,7,yes,3,14.644410468041322,3910054.907932799,-3910054.907932799
31,Pipeline,9,yes,5,20.57453601330251,3594914.193188886,-3594914.193188886
32,Pipeline,8,yes,4,15.226335248115102,2945843.675632467,-2945843.675632467
33,Pipeline,7,yes,4,14.064921461570751,2630133.1405133903,-2630133.1405133903
34,Pipeline,5,yes,4,9.463230898557057,2203426.3632747135,-2203426.3632747135
35,Pipeline,7,yes,5,10.425506646096508,2179617.1063596886,-2179617.1063596886
36,Pipeline,4,yes,4,9.171762386908611,2139119.697626677,-2139119.697626677
37,Pipeline,3,yes,4,7.29038875511768,2126514.6037738505,-2126514.6037738505
38,Pipeline,8,yes,5,13.479971782559597,2081265.0539190632,-2081265.0539190632
39,Pipeline,6,yes,3,11.278152177285696,2062852.8100144127,-2062852.8100144127
40,Pipeline,6,yes,4,15.872799259026355,1553718.4967216353,-1553718.4967216353
41,Pipeline,12,no,5,16.679992984721828,702147.0926333814,-702147.0926333814
42,Pipeline,12,yes,2,331.8949578624791,593426.7170752737,-593426.7170752737
43,Pipeline,3,yes,5,4.204797148891098,482690.0688704501,-482690.0688704501
44,Pipeline,11,no,4,8.430148623266094,447651.3455706656,-447651.3455706656
45,Pipeline,4,yes,5,4.542468445902935,436363.9723525533,-436363.9723525533
46,Pipeline,5,yes,5,5.272883304023959,337941.89081622835,-337941.89081622835
47,Pipeline,12,no,3,140.3186095825263,335438.20713255735,-335438.20713255735
48,Pipeline,13,yes,2,198.03214360214787,315615.7927217948,-315615.7927217948
49,Pipeline,2,yes,3,3.709831963860012,311137.34123311006,-311137.34123311006
50,Pipeline,2,yes,4,3.168504544554832,293054.0764509473,-293054.0764509473
51,Pipeline,10,no,4,9.629107349232573,210770.6636482349,-210770.6636482349
52,Pipeline,13,no,3,40.057060474725,121774.5414199718,-121774.5414199718
53,Pipeline,14,no,3,40.05706047472441,121774.54141997099,-121774.54141997099
54,Pipeline,15,no,4,5.155941925396533,95756.24797055215,-95756.24797055215
55,Pipeline,9,no,4,8.9296238230079,94987.56163701962,-94987.56163701962
56,Pipeline,14,yes,2,111.41988259931787,87429.41023666976,-87429.41023666976
57,Pipeline,10,yes,2,114.69333612535299,72432.34540957716,-72432.34540957716
58,Pipeline,11,no,5,27.13451161037215,53011.08054538809,-53011.08054538809
59,Pipeline,11,yes,2,90.97049987942603,52540.63222198332,-52540.63222198332
60,Pipeline,15,yes,2,94.11788778535085,49247.83891596001,-49247.83891596001
61,Pipeline,15,no,5,4.907187977346449,48397.53885870837,-48397.53885870837
62,Pipeline,9,no,5,10.975559294224578,47579.9009514559,-47579.9009514559
63,Pipeline,10,no,3,63.240834143449895,40143.11565202255,-40143.11565202255
64,Pipeline,9,yes,2,75.38482506957669,35432.093047713526,-35432.093047713526
65,Pipeline,2,yes,5,1.6683309010400371,30917.243602257375,-30917.243602257375
66,Pipeline,8,no,5,21.745115647522493,27588.654708229915,-27588.654708229915
67,Pipeline,6,no,5,6.380235924422566,27473.778712193605,-27473.778712193605
68,Pipeline,10,no,5,6.572885043876637,16687.17673023129,-16687.17673023129
69,Pipeline,11,no,3,35.606737537488975,16494.725753882318,-16494.725753882318
70,Pipeline,7,no,5,7.113176277628713,9071.4113786724,-9071.4113786724
71,Pipeline,5,no,4,3.1205896365310943,7130.567699821654,-7130.567699821654
72,Pipeline,10,no,2,63.49346604613758,6701.61188765221,-6701.61188765221
73,Pipeline,14,no,2,16.52638073952797,6511.82421085089,-6511.82421085089
74,Pipeline,13,no,2,16.526380739527973,6511.824210850885,-6511.824210850885
75,Pipeline,6,no,4,7.782164354742119,5750.393531928286,-5750.393531928286
76,LinearRegression,10,yes,3,1.7209832679839006,5665.987335380437,-5665.987335380437
77,Pipeline,3,no,4,1.8816257847363569,5567.476946523962,-5567.476946523962
78,LinearRegression,15,yes,3,1.5168017850826494,5283.755427794468,-5283.755427794468
79,Pipeline,5,no,5,3.1446631606035558,5116.819035175589,-5116.819035175589
80,LinearRegression,9,yes,3,1.7426870147165383,4695.913068438826,-4695.913068438826
81,Pipeline,7,no,3,12.040498533870766,4357.827504398164,-4357.827504398164
82,LinearRegression,10,yes,4,1.4376299109182598,4345.816290509864,-4345.816290509864
83,Pipeline,4,no,4,1.9939301667296547,4037.051946807391,-4037.051946807391
84,LinearRegression,12,yes,3,1.552203371870177,3978.746121878872,-3978.746121878872
85,LinearRegression,11,yes,3,1.5422128977728242,3960.421117311523,-3960.421117311523
86,LinearRegression,13,yes,3,1.5312550096091773,3820.6575471961637,-3820.6575471961637
87,LinearRegression,9,yes,4,1.3951739415405338,3781.6026515253725,-3781.6026515253725
88,LinearRegression,14,yes,3,1.5382122458746268,3769.265217862148,-3769.265217862148
89,LinearRegression,10,yes,5,1.394576142255463,3753.1808585865847,-3753.1808585865847
90,LinearRegression,15,yes,4,1.2182103366187835,3747.611136446789,-3747.611136446789
91,Pipeline,7,no,4,4.601564326701848,3669.7741193173547,-3669.7741193173547
92,LinearRegression,9,yes,5,1.3465978941620593,3332.5255927359512,-3332.5255927359512
93,LinearRegression,15,yes,5,1.1613545220637431,3247.012450537814,-3247.012450537814
94,Pipeline,8,no,2,11.130806062362973,3134.7019402862534,-3134.7019402862534
95,Pipeline,4,no,5,1.8071155233244736,3078.949773846753,-3078.949773846753
96,LinearRegression,12,yes,4,1.240214748173528,2950.325467466445,-2950.325467466445
97,Pipeline,9,no,3,16.004592385611403,2884.4135450494273,-2884.4135450494273
98,LinearRegression,11,yes,4,1.2779573035900555,2883.389575566514,-2883.389575566514
99,LinearRegression,13,yes,4,1.2242436487626793,2839.052604350748,-2839.052604350748
100,LinearRegression,14,yes,4,1.226902685753409,2805.372285475117,-2805.372285475117
101,LinearRegression,11,yes,5,1.236842776409191,2489.3152558579227,-2489.3152558579227
102,LinearRegression,12,yes,5,1.191412755779276,2473.741307325695,-2473.741307325695
103,Pipeline,6,no,3,8.852332473270758,2433.008717948526,-2433.008717948526
104,LinearRegression,13,yes,5,1.1745484436942677,2358.34263275142,-2358.34263275142
105,LinearRegression,14,yes,5,1.180036083072645,2335.758613715727,-2335.758613715727
106,Ridge,15,yes,3,1.1614442035097716,2067.6570637309733,-2067.6570637309733
107,Pipeline,8,no,4,5.141025233902264,1981.3760715544659,-1981.3760715544659
108,Pipeline,8,no,3,16.388012989015547,1946.7728433716793,-1946.7728433716793
109,Ridge,10,yes,3,1.27259362598358,1946.3456288182513,-1946.3456288182513
110,Pipeline,6,yes,2,13.598799308629683,1940.4796337897724,-1940.4796337897724
111,Ridge,9,yes,3,1.3715821798563879,1899.424475239909,-1899.424475239909
112,Pipeline,3,no,5,1.5423232548038879,1734.88624363454,-1734.88624363454
113,LinearRegression,7,yes,3,1.3766267960586287,1719.7257248144508,-1719.7257248144508
114,LinearRegression,8,yes,3,1.3918021910805258,1713.1339534433744,-1713.1339534433744
115,Ridge,15,yes,4,0.966291743991103,1712.5414515413186,-1712.5414515413186
116,Pipeline,11,no,2,21.245942524559133,1703.1868563213318,-1703.1868563213318
117,LinearRegression,6,yes,3,1.3677840325987323,1684.3347601862472,-1684.3347601862472
118,Ridge,10,yes,4,1.0721665983605915,1671.3453620141775,-1671.3453620141775
119,Ridge,9,yes,4,1.1320930457487846,1611.8607291655528,-1611.8607291655528
120,Pipeline,7,yes,2,13.625543854769921,1545.0388138842334,-1545.0388138842334
121,Ridge,15,yes,5,0.9298627404244482,1497.8615959548356,-1497.8615959548356
122,Ridge,10,yes,5,1.0405570431455826,1428.8458449186032,-1428.8458449186032
123,Ridge,11,yes,3,1.163869589949032,1426.5167538583682,-1426.5167538583682
124,Ridge,12,yes,3,1.1690987900888634,1414.2612516153938,-1414.2612516153938
125,Ridge,9,yes,5,1.0735885580012936,1398.0747453233218,-1398.0747453233218
126,Ridge,13,yes,3,1.1574826240680434,1365.555511428652,-1365.555511428652
127,Ridge,14,yes,3,1.1643668847873718,1348.8179687991076,-1348.8179687991076
128,Ridge,12,yes,4,0.9711743055714284,1188.9806852338888,-1188.9806852338888
129,Ridge,11,yes,4,0.9650803189010259,1173.0422561607636,-1173.0422561607636
130,Ridge,13,yes,4,0.9555137265718889,1137.7495998528836,-1137.7495998528836
131,Ridge,14,yes,4,0.9603606320592426,1121.2298442061076,-1121.2298442061076
132,Ridge,7,yes,3,1.2118705760882407,1073.4612229246723,-1073.4612229246723
133,Ridge,8,yes,3,1.2229105946310164,1071.345247339181,-1071.345247339181
134,Ridge,6,yes,3,1.2094851903753503,1068.572776353439,-1068.572776353439
135,Ridge,12,yes,5,0.940500058171771,1023.7615347722125,-1023.7615347722125
136,Pipeline,8,yes,2,13.182534959252804,1014.2561344481381,-1014.2561344481381
137,Ridge,11,yes,5,0.9327086851222978,1001.0355926390712,-1001.0355926390712
138,Pipeline,2,no,4,1.1356787533198696,997.9996902297248,-997.9996902297248
139,Ridge,13,yes,5,0.9283368712741954,972.3869239598586,-972.3869239598586
140,Ridge,14,yes,5,0.9368025148757351,961.8464384257888,-961.8464384257888
141,LinearRegression,8,yes,4,1.0152403619939967,945.9696694799043,-945.9696694799043
142,LinearRegression,6,yes,4,0.9858610066964899,930.0839701906294,-930.0839701906294
143,LinearRegression,7,yes,4,1.0270709078975215,926.2885536884386,-926.2885536884386
144,LinearRegression,6,yes,5,0.9642079753905246,906.0756763481237,-906.0756763481237
145,LinearRegression,8,yes,5,0.9682321036173294,899.3451036189714,-899.3451036189714
146,Pipeline,7,no,2,6.010032288594383,892.6128330268755,-892.6128330268755
147,LinearRegression,7,yes,5,0.9724129534275088,889.0147300049268,-889.0147300049268
148,Ridge,8,yes,4,0.9419569109190113,691.5010511275177,-691.5010511275177
149,Ridge,7,yes,4,0.9428409716764213,657.010146971003,-657.010146971003
150,Ridge,6,yes,4,0.9338347997709877,653.4866580198886,-653.4866580198886
151,DecisionTreeRegressor,6,no,4,1.0517838519006038,640.0283911746799,-640.0283911746799
152,Pipeline,15,no,3,6.692604970349493,603.5308317087446,-603.5308317087446
153,Ridge,8,yes,5,0.8746472433206117,558.9905012155374,-558.9905012155374
154,LinearRegression,5,yes,3,1.207196153252675,550.4281457036319,-550.4281457036319
155,DecisionTreeRegressor,8,yes,3,0.961907604027525,537.9153172662527,-537.9153172662527
156,DecisionTreeRegressor,6,yes,3,0.9548392014314713,537.5570762129813,-537.5570762129813
157,DecisionTreeRegressor,7,yes,3,0.95330458892349,537.1725771246957,-537.1725771246957
158,Ridge,6,yes,5,0.8670564693463954,533.4572257838256,-533.4572257838256
159,Ridge,7,yes,5,0.8694915577589228,532.800527751286,-532.800527751286
160,DecisionTreeRegressor,14,no,4,0.9676523429246742,515.1769509355075,-515.1769509355075
161,DecisionTreeRegressor,13,no,4,0.9629796399980838,515.1011010676294,-515.1011010676294
162,DecisionTreeRegressor,11,no,4,0.9637593431227058,515.0893678799164,-515.0893678799164
163,DecisionTreeRegressor,12,no,4,0.9626053698273598,515.0636231788469,-515.0636231788469
164,DecisionTreeRegressor,10,no,4,0.9500236074515651,515.0094476403607,-515.0094476403607
165,LinearRegression,4,yes,3,1.1707926138147258,501.189734599621,-501.189734599621
166,DecisionTreeRegressor,6,no,5,1.0277731115001796,500.17471006480736,-500.17471006480736
167,DecisionTreeRegressor,7,no,4,0.9318267806618133,495.400113521094,-495.400113521094
168,DecisionTreeRegressor,9,no,4,0.9575038216597557,495.1791571626513,-495.1791571626513
169,DecisionTreeRegressor,8,no,4,0.9490846018431599,494.6729815353837,-494.6729815353837
170,Pipeline,3,no,3,7.141921731081873,478.3638286804765,-478.3638286804765
171,DecisionTreeRegressor,8,yes,4,0.9376172998905753,472.9900907219454,-472.9900907219454
172,DecisionTreeRegressor,6,yes,4,0.88055856164871,472.31652584436284,-472.31652584436284
173,DecisionTreeRegressor,7,yes,4,0.8995619672357404,472.2479281576984,-472.2479281576984
174,DecisionTreeRegressor,14,yes,4,0.9647634033279233,472.0808254891244,-472.0808254891244
175,DecisionTreeRegressor,11,yes,4,0.8577457517045017,471.6810702882638,-471.6810702882638
176,DecisionTreeRegressor,7,no,5,0.9821489735231822,463.53133984240003,-463.53133984240003
177,DecisionTreeRegressor,8,no,5,0.9727383941424463,463.4868526140781,-463.4868526140781
178,DecisionTreeRegressor,9,yes,3,0.8744335609282308,458.6731543713801,-458.6731543713801
179,DecisionTreeRegressor,12,no,5,1.0132241612087174,447.1672660769812,-447.1672660769812
180,DecisionTreeRegressor,10,no,5,1.0156771256779968,446.70619970557925,-446.70619970557925
181,DecisionTreeRegressor,14,no,5,1.0116320082796193,445.60301902077873,-445.60301902077873
182,DecisionTreeRegressor,13,no,5,1.0105651681091616,445.41329161504746,-445.41329161504746
183,DecisionTreeRegressor,9,no,5,0.9460335599617707,444.6079332721579,-444.6079332721579
184,DecisionTreeRegressor,11,no,5,0.9996098811109222,444.1948621705633,-444.1948621705633
185,DecisionTreeRegressor,13,yes,4,0.955075641507183,438.36363437092814,-438.36363437092814
186,DecisionTreeRegressor,10,yes,4,0.8668742341442247,438.34587768569537,-438.34587768569537
187,DecisionTreeRegressor,12,yes,4,0.8958944453385609,403.50987622010814,-403.50987622010814
188,DecisionTreeRegressor,9,yes,4,0.8894123921713388,403.44176768007844,-403.44176768007844
189,Pipeline,4,no,3,6.67546852833377,399.74124965384584,-399.74124965384584
190,Pipeline,9,no,2,13.984238179897375,384.505350985368,-384.505350985368
191,LinearRegression,3,yes,3,1.1213630351022918,372.94306459824134,-372.94306459824134
192,Pipeline,2,no,5,0.9797306355799165,371.3081982025699,-371.3081982025699
193,Pipeline,12,no,2,9.444518688219107,366.53627040464147,-366.53627040464147
194,DecisionTreeRegressor,4,no,4,0.8798483409822107,360.1188653132805,-360.1188653132805
195,DecisionTreeRegressor,8,yes,5,0.9415127787083829,351.15597500735896,-351.15597500735896
196,DecisionTreeRegressor,6,yes,5,0.921611337659931,349.58214720804835,-349.58214720804835
197,DecisionTreeRegressor,7,yes,5,0.9267803136988035,349.528833309718,-349.528833309718
198,LinearRegression,9,no,4,1.004304452490635,335.7422565552082,-335.7422565552082
199,DecisionTreeRegressor,14,yes,3,0.945474723624271,330.6190723840397,-330.6190723840397
200,Ridge,5,yes,3,1.0844058112298267,316.78552477907857,-316.78552477907857
201,DecisionTreeRegressor,12,yes,3,0.931492270828867,314.90548170559686,-314.90548170559686
202,GradientBoostingRegressor,14,yes,3,1.0128844390650975,307.15678931600877,-307.15678931600877
203,RandomForestRegressor,11,yes,3,1.034138056149238,301.87701578815216,-301.87701578815216
204,LinearRegression,5,yes,5,0.8361710040226693,297.1241057400311,-297.1241057400311
205,GradientBoostingRegressor,13,yes,3,0.9988892004795632,292.8912244485557,-292.8912244485557
206,DecisionTreeRegressor,13,yes,5,0.9085974478420337,277.6016849540027,-277.6016849540027
207,LinearRegression,7,no,4,1.0310846736177999,275.24972448218625,-275.24972448218625
208,RandomForestRegressor,12,yes,3,1.0334134595853746,275.07287538948816,-275.07287538948816
209,Ridge,4,yes,3,1.0479621929897298,273.7901177507604,-273.7901177507604
210,LinearRegression,6,no,4,0.9968461381256415,268.6912200276656,-268.6912200276656
211,DecisionTreeRegressor,11,yes,3,0.8846201399407353,265.5331817698852,-265.5331817698852
212,LinearRegression,10,no,4,0.9426053916665873,265.27680689056353,-265.27680689056353
213,RandomForestRegressor,10,yes,3,1.0036962685968425,263.75834818770517,-263.75834818770517
214,Ridge,3,yes,3,1.0488133803310886,262.37524270009135,-262.37524270009135
215,LinearRegression,2,yes,3,1.0013230561338948,253.6185527274811,-253.6185527274811
216,RandomForestRegressor,13,yes,3,1.0155070644322448,252.10077105102656,-252.10077105102656
217,RandomForestRegressor,14,yes,3,1.0133656418599177,249.13413305292872,-249.13413305292872
218,Ridge,9,no,4,0.9318306079121623,241.57544010778994,-241.57544010778994
219,DecisionTreeRegressor,13,yes,3,0.7971475453499344,239.6136543842313,-239.6136543842313
220,LinearRegression,8,no,4,0.9867235028477972,239.39191121894225,-239.39191121894225
221,Pipeline,4,yes,2,6.154263146562976,235.98657968827402,-235.98657968827402
222,Pipeline,5,yes,2,4.982143583237839,235.20410805081065,-235.20410805081065
223,Ridge,2,yes,3,0.9892222164101767,231.2633199549947,-231.2633199549947
224,DecisionTreeRegressor,11,yes,5,0.8260865182620695,230.70464899094947,-230.70464899094947
225,DecisionTreeRegressor,10,yes,3,0.9066793532118383,228.8519249365419,-228.8519249365419
226,LinearRegression,3,yes,5,0.7463166850233198,227.60394061451728,-227.60394061451728
227,LinearRegression,11,no,4,0.9316188284818872,224.8092645339234,-224.8092645339234
228,LinearRegression,5,no,4,0.9618691214828874,221.28901098084515,-221.28901098084515
229,Ridge,7,no,4,0.9660857960533968,210.44396123183867,-210.44396123183867
230,Ridge,6,no,4,0.9497217889052183,210.43807720922973,-210.43807720922973
231,LinearRegression,4,yes,5,0.7651183945820372,200.5796715573568,-200.5796715573568
232,LinearRegression,4,no,4,0.9481964946421195,198.418837312584,-198.418837312584
233,LGBMRegressor,11,yes,3,0.9268411440972453,197.299720863778,-197.299720863778
234,RandomForestRegressor,8,yes,3,0.9592321691717522,195.49556288065037,-195.49556288065037
235,LinearRegression,12,no,4,0.9142824726545444,195.12752494792517,-195.12752494792517
236,LinearRegression,3,yes,4,0.7845962421185573,192.18623423609392,-192.18623423609392
237,LinearRegression,5,yes,4,0.8378978319182753,189.04985282600626,-189.04985282600626
238,LinearRegression,3,no,4,0.9343990412445101,187.54438602036333,-187.54438602036333
239,LinearRegression,9,no,5,0.8629984577187022,184.43490919081842,-184.43490919081842
240,Ridge,8,no,4,0.9305478024692423,180.05033741195038,-180.05033741195038
241,LGBMRegressor,12,yes,3,0.9086918387211496,179.8700835929884,-179.8700835929884
242,RandomForestRegressor,7,yes,3,0.9296726110871255,179.11721461932936,-179.11721461932936
243,GradientBoostingRegressor,11,yes,3,0.8973871344264049,175.85691924933232,-175.85691924933232
244,LGBMRegressor,8,yes,3,0.9058944993711927,173.09169719374202,-173.09169719374202
245,Ridge,10,no,4,0.8656279001258942,172.4615929695218,-172.4615929695218
246,RandomForestRegressor,6,no,4,0.865325498753743,171.24217591497012,-171.24217591497012
247,RandomForestRegressor,6,no,5,0.8589733337428646,167.23007072146157,-167.23007072146157
248,LGBMRegressor,7,yes,3,0.9042506278054757,167.17842158754524,-167.17842158754524
249,Ridge,5,no,4,0.9124596937048359,166.81924663103055,-166.81924663103055
250,GradientBoostingRegressor,7,yes,3,0.8972669082945179,165.1190026411307,-165.1190026411307
251,RandomForestRegressor,7,no,4,0.8671817266822454,164.0399885194662,-164.0399885194662
252,LinearRegression,14,no,4,0.9013814309752034,162.65400245613174,-162.65400245613174
253,LinearRegression,13,no,4,0.9013814309752033,162.65400245613174,-162.65400245613174
254,GradientBoostingRegressor,6,yes,4,0.8034234111673303,159.87383419763697,-159.87383419763697
255,Ridge,9,no,5,0.8251231461788253,157.4246022791044,-157.4246022791044
256,LGBMRegressor,14,yes,3,0.8888964662782661,156.19353758633537,-156.19353758633537
257,LGBMRegressor,13,yes,3,0.8888964662782661,156.19353758633537,-156.19353758633537
258,GradientBoostingRegressor,8,yes,5,0.881710950326352,155.2828123569945,-155.2828123569945
259,LGBMRegressor,10,yes,3,0.888623778240614,154.2164273139824,-154.2164273139824
260,RandomForestRegressor,6,yes,3,0.9040627597476049,154.0797971160259,-154.0797971160259
261,LinearRegression,10,no,5,0.8168758662083182,153.8532700216168,-153.8532700216168
262,GradientBoostingRegressor,12,yes,3,0.8897916596964673,151.74565810970964,-151.74565810970964
263,RandomForestRegressor,8,no,4,0.8559142368619672,151.42181410391728,-151.42181410391728
264,RandomForestRegressor,7,no,5,0.8590237178381873,150.64964804041693,-150.64964804041693
265,GradientBoostingRegressor,8,yes,4,0.8366910494864169,148.15001149974,-148.15001149974
266,Ridge,4,no,4,0.8994394892739412,147.78130385573354,-147.78130385573354
267,GradientBoostingRegressor,9,yes,4,0.8648721759897556,147.57866357801012,-147.57866357801012
268,DecisionTreeRegressor,10,yes,5,0.7679629068960294,144.92862184773244,-144.92862184773244
269,DecisionTreeRegressor,12,yes,5,0.78309347618305,143.9118017314735,-143.9118017314735
270,DecisionTreeRegressor,14,yes,5,0.8007289316304073,143.43948222169598,-143.43948222169598
271,Ridge,3,no,4,0.8933258212104473,142.13951890312455,-142.13951890312455
272,Ridge,11,no,4,0.860186125784596,142.08079922677908,-142.08079922677908
273,GradientBoostingRegressor,7,yes,4,0.8094283094467176,140.88249984444872,-140.88249984444872
274,RandomForestRegressor,15,yes,3,0.9230584855445881,138.24217065578435,-138.24217065578435
275,DecisionTreeRegressor,9,yes,5,0.8152086204370077,137.88433344544939,-137.88433344544939
276,LinearRegression,4,yes,4,0.8057069635993305,136.78907003045703,-136.78907003045703
277,GradientBoostingRegressor,6,no,5,0.8590221366411164,134.77475482085367,-134.77475482085367
278,GradientBoostingRegressor,7,yes,5,0.8431253940079533,130.6909140602267,-130.6909140602267
279,RandomForestRegressor,10,no,4,0.8840504229328946,129.38315173751278,-129.38315173751278
280,LGBMRegressor,8,no,5,0.8290321107443205,128.16881006069102,-128.16881006069102
281,LGBMRegressor,8,no,4,0.8678122027396109,126.93179670322039,-126.93179670322039
282,LGBMRegressor,4,yes,3,0.8847180682599758,126.32242079420148,-126.32242079420148
283,LGBMRegressor,7,no,4,0.8636028464507606,125.58522011979417,-125.58522011979417
284,LinearRegression,11,no,5,0.8098504762980638,124.00564316842846,-124.00564316842846
285,LGBMRegressor,15,yes,3,0.8482801274782487,122.56205586497585,-122.56205586497585
286,Ridge,10,no,5,0.7781915551686576,121.58293495869798,-121.58293495869798
287,Ridge,12,no,4,0.8477430406144664,120.88491968829649,-120.88491968829649
288,RandomForestRegressor,11,no,4,0.8768247878918849,120.04275472005676,-120.04275472005676
289,GradientBoostingRegressor,7,no,5,0.8309812030241941,118.46704666071125,-118.46704666071125
290,GradientBoostingRegressor,6,no,4,0.8110902016325812,116.94801877892019,-116.94801877892019
291,LGBMRegressor,7,no,5,0.8210762589248694,116.50797961179435,-116.50797961179435
292,RandomForestRegressor,8,no,5,0.8247710405396129,115.48838366781331,-115.48838366781331
293,RandomForestRegressor,12,no,4,0.8919560939054556,114.33165070722859,-114.33165070722859
294,LGBMRegressor,7,yes,4,0.8353821517860797,113.40380439246661,-113.40380439246661
295,RandomForestRegressor,5,yes,3,0.8367851053370554,112.96507036352256,-112.96507036352256
296,GradientBoostingRegressor,6,yes,5,0.7938122869094578,111.37438994775987,-111.37438994775987
297,RandomForestRegressor,7,yes,4,0.8358148657069848,110.02151985517847,-110.02151985517847
298,LGBMRegressor,6,yes,3,0.8525676042324469,109.34516029968857,-109.34516029968857
299,Ridge,5,yes,4,0.8184534169611067,108.98311095605173,-108.98311095605173
300,GradientBoostingRegressor,11,yes,5,0.8724556318870527,108.2322344372233,-108.2322344372233
301,GradientBoostingRegressor,9,yes,5,0.8324712199064542,108.03173603855687,-108.03173603855687
302,GradientBoostingRegressor,10,yes,4,0.8575063202720399,107.9332224207713,-107.9332224207713
303,GradientBoostingRegressor,11,yes,4,0.8630908337285624,107.35820044477175,-107.35820044477175
304,LGBMRegressor,8,yes,4,0.8292804417782387,107.28908427924375,-107.28908427924375
305,GradientBoostingRegressor,10,yes,3,0.8425884577612234,106.41852666554003,-106.41852666554003
306,RandomForestRegressor,13,no,4,0.8875309302514511,106.12689653084959,-106.12689653084959
307,RandomForestRegressor,12,yes,4,0.892490123129269,105.24694676160992,-105.24694676160992
308,GradientBoostingRegressor,8,no,4,0.8004568728040701,104.74511019102106,-104.74511019102106
309,RandomForestRegressor,14,no,4,0.8861342167244335,104.60807201571981,-104.60807201571981
310,Pipeline,3,yes,2,5.211914542443152,102.52397457969583,-102.52397457969583
311,Ridge,5,yes,5,0.7720154857265735,102.30111605389274,-102.30111605389274
312,RandomForestRegressor,6,yes,4,0.8166057731737529,102.14467042831657,-102.14467042831657
313,RandomForestRegressor,8,yes,4,0.8437526036077911,100.49545457606044,-100.49545457606044
314,RandomForestRegressor,4,yes,3,0.8258923970993921,99.67404233369456,-99.67404233369456
315,GradientBoostingRegressor,13,yes,4,0.8853121984533444,99.36201531869303,-99.36201531869303
316,RandomForestRegressor,11,yes,4,0.8877422757122806,98.74953212762645,-98.74953212762645
317,RandomForestRegressor,9,yes,3,0.866085885959721,98.0288721096755,-98.0288721096755
318,LGBMRegressor,6,yes,4,0.8122784237154255,97.5173036764821,-97.5173036764821
319,Ridge,13,no,4,0.8349256349172471,96.12538622840519,-96.12538622840519
320,Ridge,14,no,4,0.8349256349172471,96.12538622840519,-96.12538622840519
321,Ridge,11,no,5,0.7748100785860744,95.81047064332267,-95.81047064332267
322,GradientBoostingRegressor,5,yes,3,0.7899962117083753,95.57521036934462,-95.57521036934462
323,GradientBoostingRegressor,7,no,4,0.7870204303415463,95.16051114155093,-95.16051114155093
324,RandomForestRegressor,7,yes,5,0.8126643233960411,95.05780604985974,-95.05780604985974
325,GradientBoostingRegressor,14,yes,4,0.8871852575658707,94.78355850986804,-94.78355850986804
326,GradientBoostingRegressor,8,no,5,0.8157293029334219,93.29654169763953,-93.29654169763953
327,RandomForestRegressor,14,yes,4,0.8822490770117357,93.02690442799887,-93.02690442799887
328,LinearRegression,7,no,5,0.8587242073383544,92.68245291054994,-92.68245291054994
329,RandomForestRegressor,13,yes,4,0.8828714096218854,91.8580941910418,-91.8580941910418
330,LGBMRegressor,11,no,4,0.8392024874054927,91.79556546158476,-91.79556546158476
331,GradientBoostingRegressor,10,yes,5,0.8281443072259712,91.54612652329327,-91.54612652329327
332,Ridge,3,yes,4,0.7887439798664908,91.11899460528083,-91.11899460528083
333,LinearRegression,6,no,5,0.8398577060398397,91.05001482148676,-91.05001482148676
334,LGBMRegressor,3,yes,3,0.839434985322039,89.21544485727235,-89.21544485727235
335,LinearRegression,12,no,5,0.7888789588347601,88.51117903858584,-88.51117903858584
336,LinearRegression,8,no,5,0.8413669884099001,87.53065402237544,-87.53065402237544
337,LGBMRegressor,10,yes,4,0.8133575622772458,87.47211973893823,-87.47211973893823
338,LGBMRegressor,2,yes,3,0.8344823353397993,87.45268045365071,-87.45268045365071
339,Ridge,7,no,5,0.8320388029588013,87.2142864034066,-87.2142864034066
340,RandomForestRegressor,8,yes,5,0.8224971689651165,86.43964901847681,-86.43964901847681
341,RandomForestRegressor,6,yes,5,0.7990221142152023,86.29956233189324,-86.29956233189324
342,Ridge,6,no,5,0.8125135976656118,85.69896339608746,-85.69896339608746
343,Pipeline,5,no,3,3.550675767336117,85.32025280663673,-85.32025280663673
344,GradientBoostingRegressor,8,yes,3,0.8238897258147841,85.17963890746002,-85.17963890746002
345,LGBMRegressor,5,yes,3,0.8147832008421134,84.91631015013101,-84.91631015013101
346,Ridge,3,yes,5,0.7420511640354109,84.61781116146813,-84.61781116146813
347,GradientBoostingRegressor,12,yes,5,0.8500647316590575,84.41064813921034,-84.41064813921034
348,LinearRegression,2,no,4,0.8355193167691721,83.955506971555,-83.955506971555
349,RandomForestRegressor,9,no,4,0.8529267721480955,82.94939867225231,-82.94939867225231
350,Ridge,2,no,4,0.8338433691227725,82.52068478721318,-82.52068478721318
351,RandomForestRegressor,10,yes,4,0.8641103203188392,82.41165128991284,-82.41165128991284
352,LGBMRegressor,10,no,4,0.8371130100150147,81.39672130481374,-81.39672130481374
353,LGBMRegressor,11,yes,4,0.8054683082493034,81.27033325856733,-81.27033325856733
354,LGBMRegressor,13,yes,4,0.8022416545689168,81.07319224767143,-81.07319224767143
355,LGBMRegressor,14,yes,4,0.8022416545689168,81.07319224767143,-81.07319224767143
356,RandomForestRegressor,9,no,5,0.8116982367068524,80.2413110474987,-80.2413110474987
357,GradientBoostingRegressor,14,yes,5,0.8584773633084879,80.02451433655222,-80.02451433655222
358,Ridge,8,no,5,0.8116574680185454,80.01710892583141,-80.01710892583141
359,RandomForestRegressor,10,no,5,0.8150542781368848,79.31394598511926,-79.31394598511926
360,LGBMRegressor,12,yes,4,0.800169626236356,79.2233655871515,-79.2233655871515
361,GradientBoostingRegressor,13,yes,5,0.8569807540549069,79.18579384260306,-79.18579384260306
362,DecisionTreeRegressor,5,yes,3,0.7190143856713509,78.65408613850032,-78.65408613850032
363,Ridge,4,yes,4,0.7912793894304985,77.60590398418032,-77.60590398418032
364,RandomForestRegressor,11,yes,5,0.8526008402549111,77.00580191158166,-77.00580191158166
365,RandomForestRegressor,12,yes,5,0.8585571045973499,76.50288140775125,-76.50288140775125
366,RandomForestRegressor,3,yes,3,0.7676535077657571,75.86084228917025,-75.86084228917025
367,Lasso,2,yes,3,0.8614157013641912,75.12777063566189,-75.12777063566189
368,ElasticNet,5,yes,3,0.8614157013641912,75.12777063566189,-75.12777063566189
369,Lasso,3,yes,3,0.8614157013641912,75.12777063566189,-75.12777063566189
370,ElasticNet,7,yes,3,0.8614157013641912,75.12777063566189,-75.12777063566189
371,ElasticNet,3,yes,3,0.8614157013641912,75.12777063566189,-75.12777063566189
372,Lasso,4,yes,3,0.8614157013641912,75.12777063566189,-75.12777063566189
373,ElasticNet,6,yes,3,0.8614157013641912,75.12777063566189,-75.12777063566189
374,ElasticNet,11,yes,3,0.8614157013641912,75.12777063566189,-75.12777063566189
375,Lasso,7,yes,3,0.8614157013641912,75.12777063566189,-75.12777063566189
376,ElasticNet,8,yes,3,0.8614157013641912,75.12777063566189,-75.12777063566189
377,Lasso,15,yes,3,0.8614157013641912,75.12777063566189,-75.12777063566189
378,ElasticNet,12,yes,3,0.8614157013641912,75.12777063566189,-75.12777063566189
379,Lasso,14,yes,3,0.8614157013641912,75.12777063566189,-75.12777063566189
380,ElasticNet,10,yes,3,0.8614157013641912,75.12777063566189,-75.12777063566189
381,Lasso,13,yes,3,0.8614157013641912,75.12777063566189,-75.12777063566189
382,ElasticNet,13,yes,3,0.8614157013641912,75.12777063566189,-75.12777063566189
383,Lasso,12,yes,3,0.8614157013641912,75.12777063566189,-75.12777063566189
384,Lasso,11,yes,3,0.8614157013641912,75.12777063566189,-75.12777063566189
385,Lasso,5,yes,3,0.8614157013641912,75.12777063566189,-75.12777063566189
386,Lasso,10,yes,3,0.8614157013641912,75.12777063566189,-75.12777063566189
387,Lasso,9,yes,3,0.8614157013641912,75.12777063566189,-75.12777063566189
388,Lasso,8,yes,3,0.8614157013641912,75.12777063566189,-75.12777063566189
389,ElasticNet,15,yes,3,0.8614157013641912,75.12777063566189,-75.12777063566189
390,ElasticNet,2,yes,3,0.8614157013641912,75.12777063566189,-75.12777063566189
391,ElasticNet,9,yes,3,0.8614157013641912,75.12777063566189,-75.12777063566189
392,Lasso,6,yes,3,0.8614157013641912,75.12777063566189,-75.12777063566189
393,ElasticNet,14,yes,3,0.8614157013641912,75.12777063566189,-75.12777063566189
394,ElasticNet,4,yes,3,0.8614157013641912,75.12777063566189,-75.12777063566189
395,GradientBoostingRegressor,12,no,5,0.7966065046795057,75.05265939355525,-75.05265939355525
396,LGBMRegressor,6,no,4,0.8185572863233954,72.94139779147639,-72.94139779147639
397,RandomForestRegressor,14,yes,5,0.8559240629370748,72.82817014942897,-72.82817014942897
398,RandomForestRegressor,13,no,5,0.8224476338576157,72.59978895122588,-72.59978895122588
399,RandomForestRegressor,11,no,5,0.8100277417824137,72.47089595713464,-72.47089595713464
400,GradientBoostingRegressor,3,yes,3,0.7778962624938135,71.81253593593796,-71.81253593593796
401,Ridge,4,yes,5,0.7392461950360848,71.34927235837277,-71.34927235837277
402,LGBMRegressor,6,no,5,0.7785402721615324,71.25339048484958,-71.25339048484958
403,LGBMRegressor,13,yes,5,0.8022566152997104,71.14250806403044,-71.14250806403044
404,LGBMRegressor,14,yes,5,0.8022566152997104,71.14250806403044,-71.14250806403044
405,GradientBoostingRegressor,10,no,5,0.7865590855807352,70.24497536888069,-70.24497536888069
406,LGBMRegressor,13,no,4,0.8202922543274501,69.75986612658936,-69.75986612658936
407,LGBMRegressor,14,no,4,0.8202922543274501,69.75986612658936,-69.75986612658936
408,LGBMRegressor,12,no,4,0.8202946050847096,69.31544930987897,-69.31544930987897
409,LGBMRegressor,11,yes,5,0.7875089093018246,69.14178602508589,-69.14178602508589
410,GradientBoostingRegressor,6,yes,3,0.755341516435161,68.39510275585555,-68.39510275585555
411,LGBMRegressor,12,yes,5,0.7846277690525983,68.18626513427698,-68.18626513427698
412,Ridge,12,no,5,0.7597336559080908,67.6511870751344,-67.6511870751344
413,RandomForestRegressor,14,no,5,0.8174168132855941,67.35912741943201,-67.35912741943201
414,LinearRegression,13,no,5,0.7755509366071525,67.24870690577293,-67.24870690577293
415,LinearRegression,14,no,5,0.7755509366071524,67.24870690577282,-67.24870690577282
416,RandomForestRegressor,13,yes,5,0.8462900939399948,66.96949329337313,-66.96949329337313
417,LGBMRegressor,7,yes,5,0.7721896231147752,66.60903955211914,-66.60903955211914
418,GradientBoostingRegressor,4,yes,3,0.7580998299657362,66.60557377216251,-66.60557377216251
419,RandomForestRegressor,12,no,5,0.8082384501447996,64.94657311181967,-64.94657311181967
420,GradientBoostingRegressor,11,no,5,0.778085618915939,63.778409618617715,-63.778409618617715
421,LGBMRegressor,9,yes,3,0.7942173366076228,63.605870558897436,-63.605870558897436
422,GradientBoostingRegressor,14,no,5,0.7700049132498415,62.99738529914032,-62.99738529914032
423,LGBMRegressor,10,yes,5,0.7806900916756809,61.81271268917542,-61.81271268917542
424,GradientBoostingRegressor,12,yes,4,0.8312366799489924,61.550302581621374,-61.550302581621374
425,LGBMRegressor,9,no,4,0.8115125751642446,58.886361044144174,-58.886361044144174
426,DecisionTreeRegressor,3,yes,3,0.6557554575608341,58.620278115033535,-58.620278115033535
427,DecisionTreeRegressor,4,yes,3,0.6509468254488368,58.21199390954185,-58.21199390954185
428,DecisionTreeRegressor,2,yes,3,0.6512545383121139,58.14908433240078,-58.14908433240078
429,LinearRegression,2,yes,4,0.7996910732427951,57.96413296073425,-57.96413296073425
430,GradientBoostingRegressor,14,no,4,0.7861115899623103,56.65926159756477,-56.65926159756477
431,Ridge,2,yes,4,0.7978711056809701,56.52940261288522,-56.52940261288522
432,RandomForestRegressor,10,yes,5,0.8193045334572954,55.31605990886167,-55.31605990886167
433,GradientBoostingRegressor,9,no,5,0.768755399196247,55.304918409514265,-55.304918409514265
434,LGBMRegressor,8,yes,5,0.7655110856671241,55.28615477635657,-55.28615477635657
435,DecisionTreeRegressor,15,yes,5,0.7471960571214702,54.00369606402366,-54.00369606402366
436,LinearRegression,15,no,4,0.8155099197111546,52.720147291945935,-52.720147291945935
437,LinearRegression,5,no,5,0.8051413668778606,52.47027251793435,-52.47027251793435
438,LGBMRegressor,10,no,5,0.7552531004917166,52.22268542615264,-52.22268542615264
439,LGBMRegressor,13,no,5,0.7886814928904774,52.11368576082272,-52.11368576082272
440,LGBMRegressor,14,no,5,0.7886814928904774,52.11368576082272,-52.11368576082272
441,RandomForestRegressor,2,yes,3,0.686486040969963,51.791738145765684,-51.791738145765684
442,GradientBoostingRegressor,13,no,5,0.7620879525648032,51.78089542196585,-51.78089542196585
443,GradientBoostingRegressor,9,yes,3,0.7713389963621472,51.388331935332985,-51.388331935332985
444,DecisionTreeRegressor,5,yes,5,0.7615561193901217,51.237279353431724,-51.237279353431724
445,LGBMRegressor,11,no,5,0.7629028886263625,50.89102865061558,-50.89102865061558
446,Ridge,14,no,5,0.7462886723453059,50.88685480952434,-50.88685480952434
447,Ridge,13,no,5,0.7462886723453059,50.88685480952433,-50.88685480952433
448,RandomForestRegressor,9,yes,5,0.7779829120796418,50.72413012545799,-50.72413012545799
449,RandomForestRegressor,9,yes,4,0.8035137731042318,49.536340020806314,-49.536340020806314
450,LGBMRegressor,12,no,5,0.7697151839542212,49.46947307869586,-49.46947307869586
451,Lasso,5,no,4,0.8056225614839501,49.41591285720951,-49.41591285720951
452,ElasticNet,8,no,4,0.8056225614839501,49.41591285720951,-49.41591285720951
453,ElasticNet,13,no,4,0.8056225614839501,49.41591285720951,-49.41591285720951
454,ElasticNet,10,no,4,0.8056225614839501,49.41591285720951,-49.41591285720951
455,ElasticNet,9,no,4,0.8056225614839501,49.41591285720951,-49.41591285720951
456,Lasso,7,no,4,0.8056225614839501,49.41591285720951,-49.41591285720951
457,Lasso,9,no,4,0.8056225614839501,49.41591285720951,-49.41591285720951
458,Lasso,13,no,4,0.8056225614839501,49.41591285720951,-49.41591285720951
459,ElasticNet,3,no,4,0.8056225614839501,49.41591285720951,-49.41591285720951
460,Lasso,8,no,4,0.8056225614839501,49.41591285720951,-49.41591285720951
461,Lasso,10,no,4,0.8056225614839501,49.41591285720951,-49.41591285720951
462,ElasticNet,2,no,4,0.8056225614839501,49.41591285720951,-49.41591285720951
463,Lasso,12,no,4,0.8056225614839501,49.41591285720951,-49.41591285720951
464,ElasticNet,15,no,4,0.8056225614839501,49.41591285720951,-49.41591285720951
465,Lasso,6,no,4,0.8056225614839501,49.41591285720951,-49.41591285720951
466,Lasso,14,no,4,0.8056225614839501,49.41591285720951,-49.41591285720951
467,ElasticNet,14,no,4,0.8056225614839501,49.41591285720951,-49.41591285720951
468,ElasticNet,6,no,4,0.8056225614839501,49.41591285720951,-49.41591285720951
469,ElasticNet,4,no,4,0.8056225614839501,49.41591285720951,-49.41591285720951
470,ElasticNet,5,no,4,0.8056225614839501,49.41591285720951,-49.41591285720951
471,ElasticNet,11,no,4,0.8056225614839501,49.41591285720951,-49.41591285720951
472,Lasso,4,no,4,0.8056225614839501,49.41591285720951,-49.41591285720951
473,Lasso,11,no,4,0.8056225614839501,49.41591285720951,-49.41591285720951
474,ElasticNet,12,no,4,0.8056225614839501,49.41591285720951,-49.41591285720951
475,Lasso,2,no,4,0.8056225614839501,49.41591285720951,-49.41591285720951
476,Lasso,3,no,4,0.8056225614839501,49.41591285720951,-49.41591285720951
477,Lasso,15,no,4,0.8056225614839501,49.41591285720951,-49.41591285720951
478,ElasticNet,7,no,4,0.8056225614839501,49.41591285720951,-49.41591285720951
479,Ridge,5,no,5,0.7801281496350596,48.58022759556577,-48.58022759556577
480,LGBMRegressor,9,no,5,0.7574527771174094,48.36142735789497,-48.36142735789497
481,GradientBoostingRegressor,15,yes,3,0.7901159181951551,48.32577561485986,-48.32577561485986
482,RandomForestRegressor,15,no,4,0.8258128341159036,47.86973977434487,-47.86973977434487
483,Lasso,13,yes,4,0.7969571735680642,47.563969903147175,-47.563969903147175
484,Lasso,11,yes,4,0.7969571735680642,47.563969903147175,-47.563969903147175
485,Lasso,10,yes,4,0.7969571735680642,47.563969903147175,-47.563969903147175
486,ElasticNet,4,yes,4,0.7969571735680642,47.563969903147175,-47.563969903147175
487,Lasso,4,yes,4,0.7969571735680642,47.563969903147175,-47.563969903147175
488,ElasticNet,14,yes,4,0.7969571735680642,47.563969903147175,-47.563969903147175
489,ElasticNet,9,yes,4,0.7969571735680642,47.563969903147175,-47.563969903147175
490,Lasso,9,yes,4,0.7969571735680642,47.563969903147175,-47.563969903147175
491,ElasticNet,7,yes,4,0.7969571735680642,47.563969903147175,-47.563969903147175
492,ElasticNet,10,yes,4,0.7969571735680642,47.563969903147175,-47.563969903147175
493,Lasso,2,yes,4,0.7969571735680642,47.563969903147175,-47.563969903147175
494,Lasso,8,yes,4,0.7969571735680642,47.563969903147175,-47.563969903147175
495,Lasso,15,yes,4,0.7969571735680642,47.563969903147175,-47.563969903147175
496,Lasso,12,yes,4,0.7969571735680642,47.563969903147175,-47.563969903147175
497,ElasticNet,5,yes,4,0.7969571735680642,47.563969903147175,-47.563969903147175
498,ElasticNet,13,yes,4,0.7969571735680642,47.563969903147175,-47.563969903147175
499,ElasticNet,2,yes,4,0.7969571735680642,47.563969903147175,-47.563969903147175
500,ElasticNet,8,yes,4,0.7969571735680642,47.563969903147175,-47.563969903147175
501,ElasticNet,3,yes,4,0.7969571735680642,47.563969903147175,-47.563969903147175
502,Lasso,6,yes,4,0.7969571735680642,47.563969903147175,-47.563969903147175
503,ElasticNet,11,yes,4,0.7969571735680642,47.563969903147175,-47.563969903147175
504,Lasso,14,yes,4,0.7969571735680642,47.563969903147175,-47.563969903147175
505,ElasticNet,15,yes,4,0.7969571735680642,47.563969903147175,-47.563969903147175
506,Lasso,5,yes,4,0.7969571735680642,47.563969903147175,-47.563969903147175
507,ElasticNet,12,yes,4,0.7969571735680642,47.563969903147175,-47.563969903147175
508,ElasticNet,6,yes,4,0.7969571735680642,47.563969903147175,-47.563969903147175
509,Lasso,7,yes,4,0.7969571735680642,47.563969903147175,-47.563969903147175
510,Lasso,3,yes,4,0.7969571735680642,47.563969903147175,-47.563969903147175
511,DecisionTreeRegressor,15,yes,3,0.7618995730061072,46.90540397875605,-46.90540397875605
512,LGBMRegressor,2,no,4,0.7993854394728832,46.22726298294795,-46.22726298294795
513,LGBMRegressor,6,yes,5,0.761284739364717,44.880001805264044,-44.880001805264044
514,GradientBoostingRegressor,9,no,4,0.7740808324596831,44.85446091494361,-44.85446091494361
515,GradientBoostingRegressor,2,yes,3,0.7070623018686658,44.851173878830785,-44.851173878830785
516,GradientBoostingRegressor,12,no,4,0.7693462678131382,44.65165878374096,-44.65165878374096
517,GradientBoostingRegressor,11,no,4,0.7581771182647018,43.55376102739697,-43.55376102739697
518,LGBMRegressor,15,no,4,0.7961277858656598,43.528364416266506,-43.528364416266506
519,RandomForestRegressor,5,no,4,0.7539413897114219,42.850409140043325,-42.850409140043325
520,GradientBoostingRegressor,13,no,4,0.7657236590725687,41.510328969747555,-41.510328969747555
521,Pipeline,15,no,2,3.1250609212082914,41.48111605810899,-41.48111605810899
522,RandomForestRegressor,4,no,4,0.7446823227965869,41.185724824265876,-41.185724824265876
523,LGBMRegressor,9,yes,5,0.7781954646566014,40.94785179578059,-40.94785179578059
524,LGBMRegressor,9,yes,4,0.77227845717647,40.10278897139954,-40.10278897139954
525,ElasticNet,14,no,5,0.766029029383069,39.951148313055654,-39.951148313055654
526,ElasticNet,4,no,5,0.766029029383069,39.951148313055654,-39.951148313055654
527,ElasticNet,11,no,5,0.766029029383069,39.951148313055654,-39.951148313055654
528,ElasticNet,5,no,5,0.766029029383069,39.951148313055654,-39.951148313055654
529,ElasticNet,6,no,5,0.766029029383069,39.951148313055654,-39.951148313055654
530,Lasso,15,no,5,0.766029029383069,39.951148313055654,-39.951148313055654
531,Lasso,2,no,5,0.766029029383069,39.951148313055654,-39.951148313055654
532,ElasticNet,12,no,5,0.766029029383069,39.951148313055654,-39.951148313055654
533,ElasticNet,7,no,5,0.766029029383069,39.951148313055654,-39.951148313055654
534,Lasso,3,no,5,0.766029029383069,39.951148313055654,-39.951148313055654
535,Lasso,14,no,5,0.766029029383069,39.951148313055654,-39.951148313055654
536,Lasso,4,no,5,0.766029029383069,39.951148313055654,-39.951148313055654
537,Lasso,11,no,5,0.766029029383069,39.951148313055654,-39.951148313055654
538,Lasso,5,no,5,0.766029029383069,39.951148313055654,-39.951148313055654
539,ElasticNet,3,no,5,0.766029029383069,39.951148313055654,-39.951148313055654
540,Lasso,6,no,5,0.766029029383069,39.951148313055654,-39.951148313055654
541,ElasticNet,8,no,5,0.766029029383069,39.951148313055654,-39.951148313055654
542,ElasticNet,13,no,5,0.766029029383069,39.951148313055654,-39.951148313055654
543,Lasso,13,no,5,0.766029029383069,39.951148313055654,-39.951148313055654
544,Lasso,7,no,5,0.766029029383069,39.951148313055654,-39.951148313055654
545,Lasso,10,no,5,0.766029029383069,39.951148313055654,-39.951148313055654
546,ElasticNet,9,no,5,0.766029029383069,39.951148313055654,-39.951148313055654
547,ElasticNet,10,no,5,0.766029029383069,39.951148313055654,-39.951148313055654
548,Lasso,8,no,5,0.766029029383069,39.951148313055654,-39.951148313055654
549,ElasticNet,2,no,5,0.766029029383069,39.951148313055654,-39.951148313055654
550,Lasso,9,no,5,0.766029029383069,39.951148313055654,-39.951148313055654
551,ElasticNet,15,no,5,0.766029029383069,39.951148313055654,-39.951148313055654
552,Lasso,12,no,5,0.766029029383069,39.951148313055654,-39.951148313055654
553,GradientBoostingRegressor,10,no,4,0.7641599931124277,39.42311465801024,-39.42311465801024
554,Ridge,4,no,5,0.750598297128937,38.492796299403615,-38.492796299403615
555,LinearRegression,4,no,5,0.7629917484974058,38.26901244945416,-38.26901244945416
556,ElasticNet,6,yes,5,0.7783658780732801,36.66828481031555,-36.66828481031555
557,ElasticNet,5,yes,5,0.7783658780732801,36.66828481031555,-36.66828481031555
558,ElasticNet,3,yes,5,0.7783658780732801,36.66828481031555,-36.66828481031555
559,ElasticNet,10,yes,5,0.7783658780732801,36.66828481031555,-36.66828481031555
560,ElasticNet,7,yes,5,0.7783658780732801,36.66828481031555,-36.66828481031555
561,ElasticNet,2,yes,5,0.7783658780732801,36.66828481031555,-36.66828481031555
562,ElasticNet,4,yes,5,0.7783658780732801,36.66828481031555,-36.66828481031555
563,ElasticNet,9,yes,5,0.7783658780732801,36.66828481031555,-36.66828481031555
564,ElasticNet,8,yes,5,0.7783658780732801,36.66828481031555,-36.66828481031555
565,Lasso,9,yes,5,0.7783658780732801,36.66828481031555,-36.66828481031555
566,Lasso,15,yes,5,0.7783658780732801,36.66828481031555,-36.66828481031555
567,Lasso,7,yes,5,0.7783658780732801,36.66828481031555,-36.66828481031555
568,Lasso,3,yes,5,0.7783658780732801,36.66828481031555,-36.66828481031555
569,Lasso,4,yes,5,0.7783658780732801,36.66828481031555,-36.66828481031555
570,Lasso,5,yes,5,0.7783658780732801,36.66828481031555,-36.66828481031555
571,Lasso,6,yes,5,0.7783658780732801,36.66828481031555,-36.66828481031555
572,ElasticNet,15,yes,5,0.7783658780732801,36.66828481031555,-36.66828481031555
573,Lasso,8,yes,5,0.7783658780732801,36.66828481031555,-36.66828481031555
574,ElasticNet,14,yes,5,0.7783658780732801,36.66828481031555,-36.66828481031555
575,Lasso,10,yes,5,0.7783658780732801,36.66828481031555,-36.66828481031555
576,Lasso,2,yes,5,0.7783658780732801,36.66828481031555,-36.66828481031555
577,ElasticNet,13,yes,5,0.7783658780732801,36.66828481031555,-36.66828481031555
578,ElasticNet,11,yes,5,0.7783658780732801,36.66828481031555,-36.66828481031555
579,Lasso,11,yes,5,0.7783658780732801,36.66828481031555,-36.66828481031555
580,Lasso,14,yes,5,0.7783658780732801,36.66828481031555,-36.66828481031555
581,Lasso,13,yes,5,0.7783658780732801,36.66828481031555,-36.66828481031555
582,Lasso,12,yes,5,0.7783658780732801,36.66828481031555,-36.66828481031555
583,ElasticNet,12,yes,5,0.7783658780732801,36.66828481031555,-36.66828481031555
584,LGBMRegressor,2,yes,4,0.7361460914347386,35.011478675395516,-35.011478675395516
585,LinearRegression,2,no,5,0.7466395164463694,34.95721291800941,-34.95721291800941
586,Ridge,2,no,5,0.7478691086631883,34.844995497149576,-34.844995497149576
587,SVR,11,yes,3,0.7770617342121584,33.873345372438344,-33.873345372438344
588,LGBMRegressor,5,no,5,0.7555091742216111,32.6476427073412,-32.6476427073412
589,Ridge,3,no,5,0.7439472801336352,32.19581835985748,-32.19581835985748
590,SVR,12,yes,3,0.7695798272139301,31.840289219578708,-31.840289219578708
591,LGBMRegressor,5,no,4,0.7579969425782099,31.17589316944396,-31.17589316944396
592,LinearRegression,3,no,5,0.751520736070453,31.01900647246477,-31.01900647246477
593,LGBMRegressor,5,yes,4,0.7207654226034054,30.24698011353792,-30.24698011353792
594,LGBMRegressor,3,yes,4,0.7215355641046104,30.045592933680858,-30.045592933680858
595,SVR,10,yes,3,0.7726905489780852,29.90292557140747,-29.90292557140747
596,LGBMRegressor,2,no,5,0.7581539366222613,28.26093398922178,-28.26093398922178
597,SVR,13,yes,3,0.7557461068418551,27.72419943193354,-27.72419943193354
598,DecisionTreeRegressor,15,yes,4,0.7727522365298722,27.17046051152967,-27.17046051152967
599,LGBMRegressor,15,yes,4,0.7397543988415757,26.49636624836158,-26.49636624836158
600,LGBMRegressor,15,yes,5,0.7470223427007424,26.162116204731507,-26.162116204731507
601,SVR,14,yes,3,0.7507940439722974,26.13869062620866,-26.13869062620866
602,RandomForestRegressor,5,no,5,0.7431466725719434,25.905856756834435,-25.905856756834435
603,LGBMRegressor,3,no,4,0.7390568857905795,25.81628203349973,-25.81628203349973
604,LGBMRegressor,4,no,4,0.7371526056476653,25.6447898905359,-25.6447898905359
605,RandomForestRegressor,3,no,4,0.7233236662121052,25.629903502700078,-25.629903502700078
606,Pipeline,2,no,3,2.0863831698440305,25.17486813634478,-25.17486813634478
607,Ridge,15,no,4,0.7444068365075859,25.17267296510515,-25.17267296510515
608,LinearRegression,15,no,5,0.7001305803063926,25.09128279400525,-25.09128279400525
609,LGBMRegressor,4,yes,4,0.7256290998484994,24.83943062348644,-24.83943062348644
610,SVR,15,yes,3,0.7478749879030574,23.261429086366622,-23.261429086366622
611,LGBMRegressor,15,no,5,0.8001547907694533,22.104699704632544,-22.104699704632544
612,Ridge,2,yes,5,0.7398556342262843,21.561280543198624,-21.561280543198624
613,DecisionTreeRegressor,15,no,4,0.6940723190995315,21.510470403924504,-21.510470403924504
614,LGBMRegressor,4,no,5,0.7478916731731944,21.499862996730332,-21.499862996730332
615,RandomForestRegressor,15,yes,4,0.7969815280461241,21.446954194775884,-21.446954194775884
616,LGBMRegressor,3,no,5,0.7456793755149429,21.4131145959391,-21.4131145959391
617,LinearRegression,2,yes,5,0.7383915183100905,21.367084722613583,-21.367084722613583
618,DecisionTreeRegressor,4,yes,5,0.6141044169391863,20.842179076944795,-20.842179076944795
619,DecisionTreeRegressor,5,no,5,0.7350084946584018,20.392039227474424,-20.392039227474424
620,DecisionTreeRegressor,4,no,5,0.6288137120175407,20.32801647300484,-20.32801647300484
621,RandomForestRegressor,15,no,5,0.7330964414910531,19.420416122550925,-19.420416122550925
622,RandomForestRegressor,4,no,5,0.7093662492904007,19.3449763517418,-19.3449763517418
623,SVR,2,yes,3,0.7013214761789278,19.205436545965707,-19.205436545965707
624,DecisionTreeRegressor,4,yes,4,0.6320030532887506,18.98540545742138,-18.98540545742138
625,Ridge,15,no,5,0.6749162942027292,18.287659789809542,-18.287659789809542
626,GradientBoostingRegressor,5,yes,4,0.6952326397616719,18.01163397750231,-18.01163397750231
627,GradientBoostingRegressor,5,no,4,0.7125328126164746,17.69452065633552,-17.69452065633552
628,DecisionTreeRegressor,5,yes,4,0.6226189792924818,17.597435743802784,-17.597435743802784
629,Pipeline,6,no,2,3.4383141054081854,16.03052789289994,-16.03052789289994
630,RandomForestRegressor,15,yes,5,0.7714591181151216,15.914855919072133,-15.914855919072133
631,GradientBoostingRegressor,5,no,5,0.7301210835821523,15.658290980681022,-15.658290980681022
632,RandomForestRegressor,5,yes,4,0.700686536993622,14.685707657442638,-14.685707657442638
633,Pipeline,4,no,2,3.3216946478372487,14.08921714095787,-14.08921714095787
634,Pipeline,5,no,2,2.6803866432685974,13.809065151768277,-13.809065151768277
635,GradientBoostingRegressor,4,no,4,0.6980430110678737,12.105551541640095,-12.105551541640095
636,GradientBoostingRegressor,15,yes,5,0.7961958615468949,12.10388286826178,-12.10388286826178
637,RandomForestRegressor,3,no,5,0.7038237450900213,12.085865903232968,-12.085865903232968
638,GradientBoostingRegressor,4,no,5,0.7004777951485972,11.924414304190432,-11.924414304190432
639,GradientBoostingRegressor,5,yes,5,0.6845912343959941,11.373023057996146,-11.373023057996146
640,LGBMRegressor,5,yes,5,0.6866474073049308,11.282838467221106,-11.282838467221106
641,GradientBoostingRegressor,15,no,5,0.676977190367672,10.590036362382035,-10.590036362382035
642,RandomForestRegressor,4,yes,4,0.6929637557464731,10.558301235706177,-10.558301235706177
643,GradientBoostingRegressor,15,no,4,0.7057829910825568,10.354713658967029,-10.354713658967029
644,SVR,12,no,5,0.6779738557041719,10.166672290092013,-10.166672290092013
645,SVR,13,no,5,0.675369293953257,10.064135372839605,-10.064135372839605
646,SVR,14,no,5,0.6753682343040971,10.064004805848455,-10.064004805848455
647,SVR,12,yes,4,0.6683990816101585,9.938001858573468,-9.938001858573468
648,SVR,9,yes,3,0.6917023646079289,9.7897028296147,-9.7897028296147
649,LGBMRegressor,2,yes,5,0.6932058448225438,9.682922642071333,-9.682922642071333
650,GradientBoostingRegressor,4,yes,4,0.6665675032428174,9.481556650588095,-9.481556650588095
651,Pipeline,3,no,2,2.720261176708595,9.462437293733062,-9.462437293733062
652,GradientBoostingRegressor,3,yes,4,0.6739070814945196,9.350275022920062,-9.350275022920062
653,SVR,11,yes,4,0.6655413044127232,9.276234675589254,-9.276234675589254
654,SVR,14,no,4,0.6761492750960302,9.15762133386015,-9.15762133386015
655,SVR,13,no,4,0.6761025262308944,9.15757204899844,-9.15757204899844
656,SVR,13,yes,4,0.6635106588531031,9.028180109634768,-9.028180109634768
657,SVR,10,yes,4,0.6657719621619983,8.960048234398442,-8.960048234398442
658,SVR,14,yes,4,0.66163145691719,8.87295450865698,-8.87295450865698
659,SVR,15,no,5,0.6650944248969011,8.731123376386101,-8.731123376386101
660,RandomForestRegressor,2,no,4,0.6758215269925585,8.67930897457821,-8.67930897457821
661,DecisionTreeRegressor,15,no,5,0.6823220661669424,8.565182240122201,-8.565182240122201
662,RandomForestRegressor,5,yes,5,0.6882944057893214,8.518950241210153,-8.518950241210153
663,SVR,11,yes,5,0.6663674769809305,8.319200784622094,-8.319200784622094
664,SVR,12,no,4,0.6727400984805206,8.238430569056165,-8.238430569056165
665,SVR,11,no,5,0.6683371233270419,8.212864379257905,-8.212864379257905
666,SVR,8,yes,3,0.6850513851891077,8.161203691313284,-8.161203691313284
667,RandomForestRegressor,3,yes,4,0.6781000840885385,8.069414043146384,-8.069414043146384
668,SVR,12,yes,5,0.6587306129950738,7.985404290062784,-7.985404290062784
669,SVR,10,yes,5,0.6618937108921061,7.8602723748358745,-7.8602723748358745
670,SVR,9,no,5,0.6589470896576646,7.7831909435473365,-7.7831909435473365
671,LGBMRegressor,3,yes,5,0.6878516799427248,7.660469232128804,-7.660469232128804
672,LGBMRegressor,4,yes,5,0.6954533832577565,7.482889846840592,-7.482889846840592
673,GradientBoostingRegressor,15,yes,4,0.752911473476762,7.356468173779516,-7.356468173779516
674,SVR,13,yes,5,0.6511735058293542,7.324967774148658,-7.324967774148658
675,SVR,14,yes,5,0.6487945861112341,7.238720619776022,-7.238720619776022
676,SVR,10,no,5,0.6654922001329018,7.159150798187343,-7.159150798187343
677,RandomForestRegressor,4,yes,5,0.6477898444221034,6.8135514270730555,-6.8135514270730555
678,SVR,8,no,5,0.6509173898884206,6.800626111396687,-6.800626111396687
679,SVR,7,yes,3,0.6771030820279794,6.657558347194565,-6.657558347194565
680,GradientBoostingRegressor,4,yes,5,0.6287441301151236,6.574183938385095,-6.574183938385095
681,RandomForestRegressor,2,no,5,0.6613224967502549,6.536021516303526,-6.536021516303526
682,SVR,15,no,4,0.6775162291557125,6.301395197146415,-6.301395197146415
683,SVR,15,yes,4,0.6527203919941186,5.934938126140671,-5.934938126140671
684,SVR,15,yes,5,0.6457490605551643,5.824714213797691,-5.824714213797691
685,SVR,11,no,4,0.6660360819831085,5.772445356002568,-5.772445356002568
686,SVR,7,no,5,0.6348638192120226,5.76150103758715,-5.76150103758715
687,SVR,10,no,4,0.6579607719536219,5.566264436065172,-5.566264436065172
688,SVR,4,yes,3,0.6850392652971707,5.432678207861328,-5.432678207861328
689,RandomForestRegressor,3,yes,5,0.6426872532008467,5.3070957398023975,-5.3070957398023975
690,SVR,9,no,4,0.6554462490208851,5.215033171897666,-5.215033171897666
691,SVR,6,yes,3,0.666844331673864,5.16767409779987,-5.16767409779987
692,SVR,8,no,4,0.646728917510551,4.944886520755931,-4.944886520755931
693,GradientBoostingRegressor,2,no,5,0.6699583550207059,4.893972977961427,-4.893972977961427
694,GradientBoostingRegressor,3,no,4,0.6640112615635483,4.865328832392496,-4.865328832392496
695,SVR,6,no,5,0.6396552185014145,4.8224694407247215,-4.8224694407247215
696,RandomForestRegressor,2,yes,5,0.5992176212874193,4.802181460157672,-4.802181460157672
697,Pipeline,2,yes,2,2.083071884112595,4.760461934831204,-4.760461934831204
698,SVR,7,no,4,0.6383681088910246,4.7180147760741615,-4.7180147760741615
699,RandomForestRegressor,2,yes,4,0.6306770794383151,4.538872547508868,-4.538872547508868
700,LinearRegression,7,no,3,1.314428911730986,4.512703278282079,-4.512703278282079
701,GradientBoostingRegressor,3,no,5,0.656798920998807,4.46887971313415,-4.46887971313415
702,LinearRegression,6,no,3,1.2935512469425767,4.403376699210609,-4.403376699210609
703,SVR,5,no,5,0.6565068522039839,4.3953423940872955,-4.3953423940872955
704,LinearRegression,9,no,3,1.2785036557259193,4.350727127006674,-4.350727127006674
705,SVR,3,yes,3,0.6542783055130604,4.325739009109604,-4.325739009109604
706,DecisionTreeRegressor,8,no,3,1.1585246555579942,4.096921138654876,-4.096921138654876
707,LinearRegression,8,no,3,1.277004544737653,4.029055934924007,-4.029055934924007
708,LinearRegression,5,no,3,1.2731896094852855,3.982185474883899,-3.982185474883899
709,SVR,9,yes,5,0.6183553931770671,3.899785610612716,-3.899785610612716
710,SVR,2,no,5,0.6267143166700543,3.798946815412873,-3.798946815412873
711,DecisionTreeRegressor,10,no,3,1.0393834284755894,3.7911027512181623,-3.7911027512181623
712,DecisionTreeRegressor,6,no,3,1.128910120383,3.754171863103181,-3.754171863103181
713,DecisionTreeRegressor,7,no,3,1.1132606586036375,3.739713048971812,-3.739713048971812
714,GradientBoostingRegressor,2,no,4,0.6435005362781986,3.6957915969718806,-3.6957915969718806
715,SVR,3,no,5,0.624954642570353,3.6666613573690525,-3.6666613573690525
716,LinearRegression,10,no,3,1.195611660609491,3.4999048919255373,-3.4999048919255373
717,SVR,2,yes,5,0.6051633781882593,3.4596336163476606,-3.4596336163476606
718,DecisionTreeRegressor,12,no,3,0.9952961408383937,3.4313805166130744,-3.4313805166130744
719,DecisionTreeRegressor,11,no,3,0.9914491476890962,3.416931016693356,-3.416931016693356
720,SVR,9,yes,4,0.6318641390339631,3.3755734697127275,-3.3755734697127275
721,SVR,4,no,5,0.6440381029768233,3.349534836141524,-3.349534836141524
722,GradientBoostingRegressor,3,yes,5,0.6357847832761571,3.329460910202749,-3.329460910202749
723,SVR,2,yes,4,0.6234891684542347,3.2776898055163732,-3.2776898055163732
724,SVR,4,yes,5,0.6084892033860902,3.270395182380407,-3.270395182380407
725,LinearRegression,4,no,3,1.2145943767332654,3.263043769295875,-3.263043769295875
726,LinearRegression,11,no,3,1.1804514099588534,3.206480732051119,-3.206480732051119
727,SVR,3,yes,5,0.5967020700708394,3.1976929709937227,-3.1976929709937227
728,LinearRegression,12,no,3,1.180338195149404,3.158914070401595,-3.158914070401595
729,SVR,5,yes,5,0.613167837005102,3.1534353025772845,-3.1534353025772845
730,GradientBoostingRegressor,2,yes,5,0.6074485218101333,3.1399177487175285,-3.1399177487175285
731,SVR,8,yes,5,0.6110958317289624,3.121533811138056,-3.121533811138056
732,LinearRegression,3,no,3,1.1975389913530694,3.0986031125444646,-3.0986031125444646
733,SVR,6,no,4,0.6381699447268596,3.0580391440348182,-3.0580391440348182
734,DecisionTreeRegressor,3,yes,5,0.5742850061699449,3.0078425491554435,-3.0078425491554435
735,LinearRegression,13,no,3,1.161549594657177,2.9697989174912127,-2.9697989174912127
736,LinearRegression,14,no,3,1.1615495946571768,2.9697989174912087,-2.9697989174912087
737,SVR,6,yes,5,0.6075064166177924,2.9436445956939656,-2.9436445956939656
738,SVR,8,yes,4,0.6274514858975287,2.76710053792742,-2.76710053792742
739,SVR,7,yes,5,0.6074481923212123,2.6523289729760657,-2.6523289729760657
740,Ridge,7,no,3,1.1356939727474913,2.561032389632747,-2.561032389632747
741,Ridge,6,no,3,1.1207101312183758,2.4562488340952218,-2.4562488340952218
742,DecisionTreeRegressor,13,no,3,0.9065820986676316,2.439748552406772,-2.439748552406772
743,Ridge,9,no,3,1.0860947411402888,2.3524402890492957,-2.3524402890492957
744,SVR,2,no,4,0.6302079163357467,2.3302160680802273,-2.3302160680802273
745,DecisionTreeRegressor,4,no,3,0.9118507750324056,2.3286081630574573,-2.3286081630574573
746,SVR,4,no,4,0.639717517341191,2.2884264202705427,-2.2884264202705427
747,Ridge,8,no,3,1.1016645891309136,2.23765785936512,-2.23765785936512
748,DecisionTreeRegressor,5,no,4,0.623267747258131,2.1910434412183286,-2.1910434412183286
749,SVR,5,no,4,0.656184712459485,2.1879299530808245,-2.1879299530808245
750,SVR,5,yes,3,0.6529959089894336,2.1458619202940414,-2.1458619202940414
751,Ridge,5,no,3,1.0977196453236762,2.1373144313356653,-2.1373144313356653
752,SVR,7,yes,4,0.6231581279811658,2.0939970392974714,-2.0939970392974714
753,GradientBoostingRegressor,2,yes,4,0.619694136769263,2.05015254189422,-2.05015254189422
754,DecisionTreeRegressor,3,no,5,0.5721123861257964,1.906462413035263,-1.906462413035263
755,DecisionTreeRegressor,2,no,5,0.5759401596574127,1.8318822779872703,-1.8318822779872703
756,Ridge,4,no,3,1.0567129384659486,1.7731936478571881,-1.7731936478571881
757,Ridge,10,no,3,1.0095459593460552,1.768317723865154,-1.768317723865154
758,Ridge,3,no,3,1.0492907056058247,1.7097741383185594,-1.7097741383185594
759,LinearRegression,15,no,3,1.0046239213393828,1.6712321698815726,-1.6712321698815726
760,Ridge,12,no,3,1.0140603734164582,1.6203978829807453,-1.6203978829807453
761,Ridge,11,no,3,1.0030448987770324,1.6122422822646671,-1.6122422822646671
762,LGBMRegressor,4,no,3,1.0147726757871534,1.5877615293522105,-1.5877615293522105
763,LGBMRegressor,3,no,3,1.0104644914592338,1.5721207793885092,-1.5721207793885092
764,SVR,3,no,4,0.6265576896301495,1.5395271145321543,-1.5395271145321543
765,Ridge,14,no,3,0.9979481707249424,1.4941420399401129,-1.4941420399401129
766,Ridge,13,no,3,0.9979481707249424,1.4941420399401126,-1.4941420399401126
767,LGBMRegressor,5,no,3,0.999411106258938,1.470696528452061,-1.470696528452061
768,LGBMRegressor,7,no,3,0.9906736109306538,1.4006368462197456,-1.4006368462197456
769,LGBMRegressor,8,no,3,0.9657904129012885,1.316147363235375,-1.316147363235375
770,GradientBoostingRegressor,2,no,3,0.8530198228916931,1.2388256505350637,-1.2388256505350637
771,LGBMRegressor,6,no,3,0.9685547691050628,1.221647502944035,-1.221647502944035
772,SVR,6,yes,4,0.6188012087939366,1.1867227348962912,-1.1867227348962912
773,GradientBoostingRegressor,5,no,3,0.877242824157544,1.1671254783093639,-1.1671254783093639
774,DecisionTreeRegressor,2,yes,5,0.5565512197872116,1.1618992898416862,-1.1618992898416862
775,SVR,4,yes,4,0.6197801932694226,1.1556908411120608,-1.1556908411120608
776,LGBMRegressor,2,no,3,0.9218130311599131,1.1036888004007501,-1.1036888004007501
777,GradientBoostingRegressor,4,no,3,0.8722332083787533,1.0315596751681497,-1.0315596751681497
778,GradientBoostingRegressor,3,no,3,0.8606990308527869,1.011002170117114,-1.011002170117114
779,RandomForestRegressor,5,no,3,0.9192355405848985,1.001574090500543,-1.001574090500543
780,RandomForestRegressor,4,no,3,0.909198322232115,0.9435479176121279,-0.9435479176121279
781,DecisionTreeRegressor,2,no,4,0.6283286385602365,0.9388072587839028,-0.9388072587839028
782,RandomForestRegressor,3,no,3,0.8988582010845181,0.9156005523183474,-0.9156005523183474
783,LinearRegression,10,yes,2,1.0592504240839902,0.8959095233692771,-0.8959095233692771
784,DecisionTreeRegressor,3,no,4,0.656939073411566,0.8951110310089838,-0.8951110310089838
785,RandomForestRegressor,10,no,3,0.897566925347321,0.8926013159971227,-0.8926013159971227
786,RandomForestRegressor,14,no,3,0.9072939253334688,0.8847360092312989,-0.8847360092312989
787,RandomForestRegressor,2,no,3,0.8414927235782467,0.8832848424177323,-0.8832848424177323
788,LinearRegression,15,yes,2,1.0509886621602282,0.8673169386477372,-0.8673169386477372
789,RandomForestRegressor,13,no,3,0.9001250639224952,0.8446901039350942,-0.8446901039350942
790,GradientBoostingRegressor,7,no,3,0.8899872440469031,0.8426829841593086,-0.8426829841593086
791,LinearRegression,14,yes,2,1.0528198606190493,0.8337418730025464,-0.8337418730025464
792,RandomForestRegressor,12,no,3,0.891335871288328,0.8155698717061496,-0.8155698717061496
793,LinearRegression,13,yes,2,1.0411909879236179,0.8153870531952908,-0.8153870531952908
794,RandomForestRegressor,7,no,3,0.8998452799379821,0.7977342580875592,-0.7977342580875592
795,RandomForestRegressor,11,no,3,0.8780024427601157,0.7898217610178992,-0.7898217610178992
796,Ridge,15,no,3,0.8663044676246684,0.7866632097192653,-0.7866632097192653
797,LinearRegression,2,no,3,0.9088350594487555,0.7777982417759306,-0.7777982417759306
798,SVR,5,yes,4,0.6204463465105327,0.768307106481354,-0.768307106481354
799,Ridge,2,no,3,0.9060567399584877,0.762103810159597,-0.762103810159597
800,LinearRegression,11,yes,2,1.0197601808147332,0.7606199474167886,-0.7606199474167886
801,DecisionTreeRegressor,3,yes,4,0.6209791921863809,0.7599595698754424,-0.7599595698754424
802,RandomForestRegressor,8,no,3,0.8756504753597995,0.7555668145523442,-0.7555668145523442
803,DecisionTreeRegressor,5,yes,2,0.9310244751043742,0.7552584912302381,-0.7552584912302381
804,GradientBoostingRegressor,13,no,3,0.8560226634768061,0.7468574503094262,-0.7468574503094262
805,DecisionTreeRegressor,8,yes,2,0.9239225761512444,0.7327481724143048,-0.7327481724143048
806,LinearRegression,12,yes,2,1.011486411912935,0.7283628981761926,-0.7283628981761926
807,DecisionTreeRegressor,7,yes,2,0.9181292149966632,0.7231845644902046,-0.7231845644902046
808,DecisionTreeRegressor,6,yes,2,0.9131930187029846,0.7121025346682872,-0.7121025346682872
809,DecisionTreeRegressor,9,yes,2,0.9048015922058419,0.703501729349527,-0.703501729349527
810,RandomForestRegressor,6,no,3,0.8737578193957672,0.6996044114603533,-0.6996044114603533
811,GradientBoostingRegressor,14,no,3,0.8412919007411873,0.6979165267148041,-0.6979165267148041
812,DecisionTreeRegressor,5,no,3,0.7210548209463458,0.6934351254929205,-0.6934351254929205
813,LinearRegression,9,yes,2,0.9458113581328512,0.6925242162670121,-0.6925242162670121
814,DecisionTreeRegressor,2,yes,4,0.604537872284617,0.6825511617764037,-0.6825511617764037
815,RandomForestRegressor,15,no,3,0.8660250901336964,0.6628468914092267,-0.6628468914092267
816,SVR,3,yes,4,0.6013300393607415,0.6446783304103124,-0.6446783304103124
817,DecisionTreeRegressor,13,no,2,0.9639472587286078,0.6312790129297893,-0.6312790129297893
818,DecisionTreeRegressor,5,no,2,0.887631893168858,0.6246958085490699,-0.6246958085490699
819,DecisionTreeRegressor,7,no,2,0.8875451888305905,0.6137757629566072,-0.6137757629566072
820,DecisionTreeRegressor,6,no,2,0.8830349121810526,0.6104096460627739,-0.6104096460627739
821,DecisionTreeRegressor,8,no,2,0.8829862950732703,0.6046804092097656,-0.6046804092097656
822,DecisionTreeRegressor,15,no,2,0.9529559922415218,0.6045385314956853,-0.6045385314956853
823,DecisionTreeRegressor,13,yes,2,0.9943334681478027,0.5937632185730685,-0.5937632185730685
824,DecisionTreeRegressor,10,no,2,0.9684916943817616,0.5886382748806525,-0.5886382748806525
825,DecisionTreeRegressor,14,no,2,0.9614063609235413,0.573731216432812,-0.573731216432812
826,DecisionTreeRegressor,9,no,2,0.873333145743628,0.5675695221834526,-0.5675695221834526
827,DecisionTreeRegressor,12,no,2,0.9597995916536994,0.5596398697816843,-0.5596398697816843
828,DecisionTreeRegressor,11,no,2,0.9520415917054574,0.553092371291837,-0.553092371291837
829,RandomForestRegressor,9,no,3,0.8422112767432227,0.5461145763578916,-0.5461145763578916
830,Ridge,10,yes,2,0.9311088331205167,0.534367422677213,-0.534367422677213
831,Ridge,15,yes,2,0.9125205740731623,0.5286910663868977,-0.5286910663868977
832,GradientBoostingRegressor,15,yes,2,0.9856954141603931,0.5251763664502314,-0.5251763664502314
833,Pipeline,2,no,2,1.014687452536209,0.5004411539638803,-0.5004411539638803
834,Ridge,14,yes,2,0.9090528969236483,0.498742752552056,-0.498742752552056
835,LGBMRegressor,10,no,3,0.851664373348461,0.48742363836422103,-0.48742363836422103
836,Ridge,13,yes,2,0.8953641256766929,0.4808215356562534,-0.4808215356562534
837,LGBMRegressor,11,no,3,0.8460287966599079,0.4740831774903958,-0.4740831774903958
838,Ridge,11,yes,2,0.8950588909155301,0.4715936851412704,-0.4715936851412704
839,GradientBoostingRegressor,8,no,3,0.8074386956896401,0.4704063390639664,-0.4704063390639664
840,Ridge,12,yes,2,0.8831650070971782,0.46007266252866663,-0.46007266252866663
841,GradientBoostingRegressor,12,no,3,0.8014996448290077,0.44748373495669225,-0.44748373495669225
842,GradientBoostingRegressor,13,yes,2,0.9337807703229837,0.44698345808618223,-0.44698345808618223
843,GradientBoostingRegressor,14,yes,2,0.9361890370098398,0.44634199307586164,-0.44634199307586164
844,LGBMRegressor,12,no,3,0.840551662129197,0.4425589632698676,-0.4425589632698676
845,DecisionTreeRegressor,15,yes,2,0.785268338348541,0.4386387776264935,-0.4386387776264935
846,DecisionTreeRegressor,14,yes,2,0.78618965492475,0.43775639187344273,-0.43775639187344273
847,Ridge,9,yes,2,0.8619483404241444,0.43401909985363674,-0.43401909985363674
848,GradientBoostingRegressor,6,no,2,0.8172199136319344,0.43049271209902773,-0.43049271209902773
849,SVR,12,no,3,0.7778207742820257,0.42366192856465634,-0.42366192856465634
850,GradientBoostingRegressor,5,no,2,0.8249180996143989,0.4225732921402513,-0.4225732921402513
851,SVR,13,no,3,0.775183443919302,0.4160518423970698,-0.4160518423970698
852,SVR,14,no,3,0.7751645573076457,0.4159867754638024,-0.4159867754638024
853,LGBMRegressor,14,no,3,0.8301297646207573,0.4140402056510995,-0.4140402056510995
854,LGBMRegressor,13,no,3,0.8301297646207573,0.4140402056510995,-0.4140402056510995
855,LGBMRegressor,9,no,3,0.8250294075713827,0.4136550737989139,-0.4136550737989139
856,GradientBoostingRegressor,6,no,3,0.804696511612032,0.41061791459873415,-0.41061791459873415
857,DecisionTreeRegressor,4,yes,2,0.807904368445915,0.40423807421207225,-0.40423807421207225
858,ElasticNet,9,no,3,0.8385465750557574,0.38426630631906694,-0.38426630631906694
859,ElasticNet,11,no,3,0.8385465750557574,0.38426630631906694,-0.38426630631906694
860,ElasticNet,12,no,3,0.8385465750557574,0.38426630631906694,-0.38426630631906694
861,ElasticNet,13,no,3,0.8385465750557574,0.38426630631906694,-0.38426630631906694
862,ElasticNet,14,no,3,0.8385465750557574,0.38426630631906694,-0.38426630631906694
863,ElasticNet,15,no,3,0.8385465750557574,0.38426630631906694,-0.38426630631906694
864,ElasticNet,7,no,3,0.8385465750557574,0.38426630631906694,-0.38426630631906694
865,ElasticNet,8,no,3,0.8385465750557574,0.38426630631906694,-0.38426630631906694
866,ElasticNet,10,no,3,0.8385465750557574,0.38426630631906694,-0.38426630631906694
867,ElasticNet,5,no,3,0.8385465750557574,0.38426630631906694,-0.38426630631906694
868,Lasso,11,no,3,0.8385465750557574,0.38426630631906694,-0.38426630631906694
869,Lasso,9,no,3,0.8385465750557574,0.38426630631906694,-0.38426630631906694
870,Lasso,12,no,3,0.8385465750557574,0.38426630631906694,-0.38426630631906694
871,Lasso,8,no,3,0.8385465750557574,0.38426630631906694,-0.38426630631906694
872,Lasso,13,no,3,0.8385465750557574,0.38426630631906694,-0.38426630631906694
873,Lasso,7,no,3,0.8385465750557574,0.38426630631906694,-0.38426630631906694
874,Lasso,14,no,3,0.8385465750557574,0.38426630631906694,-0.38426630631906694
875,Lasso,6,no,3,0.8385465750557574,0.38426630631906694,-0.38426630631906694
876,Lasso,15,no,3,0.8385465750557574,0.38426630631906694,-0.38426630631906694
877,Lasso,5,no,3,0.8385465750557574,0.38426630631906694,-0.38426630631906694
878,Lasso,4,no,3,0.8385465750557574,0.38426630631906694,-0.38426630631906694
879,Lasso,3,no,3,0.8385465750557574,0.38426630631906694,-0.38426630631906694
880,Lasso,2,no,3,0.8385465750557574,0.38426630631906694,-0.38426630631906694
881,ElasticNet,3,no,3,0.8385465750557574,0.38426630631906694,-0.38426630631906694
882,ElasticNet,4,no,3,0.8385465750557574,0.38426630631906694,-0.38426630631906694
883,ElasticNet,6,no,3,0.8385465750557574,0.38426630631906694,-0.38426630631906694
884,ElasticNet,2,no,3,0.8385465750557574,0.38426630631906694,-0.38426630631906694
885,Lasso,10,no,3,0.8385465750557574,0.38426630631906694,-0.38426630631906694
886,RandomForestRegressor,11,yes,2,0.9194757399059263,0.37326721150692976,-0.37326721150692976
887,SVR,15,no,3,0.7746187679254777,0.3728853713942965,-0.3728853713942965
888,LinearRegression,7,no,2,0.8091815325796565,0.3716283495662249,-0.3716283495662249
889,DecisionTreeRegressor,11,yes,2,0.7484420793069755,0.37124355124145814,-0.37124355124145814
890,LinearRegression,7,yes,2,0.7849382936063725,0.3701473692746231,-0.3701473692746231
891,Ridge,7,no,2,0.7972921470367669,0.3690790214223839,-0.3690790214223839
892,RandomForestRegressor,14,yes,2,0.9137717506143024,0.3638155536158243,-0.3638155536158243
893,GradientBoostingRegressor,11,no,3,0.7853439486259676,0.3614677497507914,-0.3614677497507914
894,GradientBoostingRegressor,7,no,2,0.7742483630181884,0.3614253959117123,-0.3614253959117123
895,GradientBoostingRegressor,14,no,2,0.83661843500798,0.36125583895919877,-0.36125583895919877
896,GradientBoostingRegressor,7,yes,2,0.81933506631105,0.35924175623554366,-0.35924175623554366
897,GradientBoostingRegressor,11,no,2,0.8169300682146645,0.35751128594481807,-0.35751128594481807
898,RandomForestRegressor,15,yes,2,0.9059671722037562,0.35648924653370606,-0.35648924653370606
899,GradientBoostingRegressor,15,no,2,0.8253702213213332,0.3558491168647535,-0.3558491168647535
900,Ridge,9,no,2,0.7523036311535307,0.3556932891995992,-0.3556932891995992
901,LGBMRegressor,14,yes,2,0.8167944959103297,0.3556266494676499,-0.3556266494676499
902,LGBMRegressor,13,yes,2,0.8167944959103297,0.3556266494676499,-0.3556266494676499
903,Ridge,11,no,2,0.7554969975407329,0.3537435689862065,-0.3537435689862065
904,LinearRegression,8,yes,2,0.7720253465697998,0.3534940996044519,-0.3534940996044519
905,LGBMRegressor,4,yes,2,0.8950387924765061,0.3531746555541815,-0.3531746555541815
906,GradientBoostingRegressor,12,no,2,0.8143730811434403,0.3525646505994179,-0.3525646505994179
907,GradientBoostingRegressor,13,no,2,0.8289797591764263,0.35169196907402356,-0.35169196907402356
908,SVR,4,no,2,0.801433227476046,0.3509788874725397,-0.3509788874725397
909,RandomForestRegressor,5,no,2,0.7992866548277769,0.3505155946009241,-0.3505155946009241
910,RandomForestRegressor,12,yes,2,0.8934587994113747,0.3489669988717037,-0.3489669988717037
911,SVR,5,no,2,0.7747175804494634,0.3458243326257636,-0.3458243326257636
912,RandomForestRegressor,10,yes,2,0.8975067818044304,0.34556609295288476,-0.34556609295288476
913,GradientBoostingRegressor,10,no,2,0.8298316617108638,0.3455268763178402,-0.3455268763178402
914,RandomForestRegressor,13,yes,2,0.8990057314833237,0.34535345351241054,-0.34535345351241054
915,SVR,3,no,2,0.7208072728025463,0.3443956143995356,-0.3443956143995356
916,RandomForestRegressor,3,no,2,0.83907954031396,0.3439067964307254,-0.3439067964307254
917,LGBMRegressor,3,yes,2,0.8612234865117674,0.342898562615755,-0.342898562615755
918,Ridge,8,no,2,0.7439748495123015,0.34280157361436814,-0.34280157361436814
919,LinearRegression,9,no,2,0.7493841280383389,0.3420437216548655,-0.3420437216548655
920,GradientBoostingRegressor,11,yes,2,0.9027940357409272,0.3418273562837809,-0.3418273562837809
921,SVR,2,no,2,0.7154662925720869,0.34081059611553277,-0.34081059611553277
922,GradientBoostingRegressor,12,yes,2,0.8791423825556091,0.33916048562123047,-0.33916048562123047
923,RandomForestRegressor,5,yes,2,0.8156064477549977,0.33904803862889443,-0.33904803862889443
924,LGBMRegressor,6,yes,2,0.7496833486886094,0.33883089811230915,-0.33883089811230915
925,DecisionTreeRegressor,14,no,3,0.6942401283169707,0.3373535089541933,-0.3373535089541933
926,GradientBoostingRegressor,6,yes,2,0.7974253307282673,0.33559589444937965,-0.33559589444937965
927,LGBMRegressor,8,yes,2,0.7660090763715164,0.3352947730782804,-0.3352947730782804
928,GradientBoostingRegressor,8,yes,2,0.791660613482684,0.33484085458917756,-0.33484085458917756
929,LGBMRegressor,15,yes,2,0.7952922746493103,0.3334294319621198,-0.3334294319621198
930,LinearRegression,6,yes,2,0.7743432055480094,0.3331330083577668,-0.3331330083577668
931,LGBMRegressor,9,yes,2,0.7852610696709628,0.3328142268690555,-0.3328142268690555
932,Ridge,10,no,2,0.7448643613341048,0.33214204047091067,-0.33214204047091067
933,LinearRegression,3,yes,2,0.7512581059312256,0.3308440644402806,-0.3308440644402806
934,GradientBoostingRegressor,4,no,2,0.7548568235156256,0.3304888192101272,-0.3304888192101272
935,LGBMRegressor,12,yes,2,0.7977787834979813,0.32620852281527746,-0.32620852281527746
936,LinearRegression,11,no,2,0.7508828934830095,0.32555568606713314,-0.32555568606713314
937,LinearRegression,8,no,2,0.7384545796981149,0.32547449426757624,-0.32547449426757624
938,SVR,2,no,3,0.7450252159282141,0.3241644143258773,-0.3241644143258773
939,LGBMRegressor,5,yes,2,0.7857821934518168,0.3238422146308736,-0.3238422146308736
940,DecisionTreeRegressor,12,yes,2,0.7124920093194114,0.32324370524939483,-0.32324370524939483
941,RandomForestRegressor,10,no,2,0.8121786567388476,0.32202331949021057,-0.32202331949021057
942,DecisionTreeRegressor,10,yes,2,0.735911744348519,0.32187685518480935,-0.32187685518480935
943,DecisionTreeRegressor,15,no,3,0.6987684961371424,0.321424837800469,-0.321424837800469
944,GradientBoostingRegressor,5,yes,2,0.8271533960576521,0.3202894665066277,-0.3202894665066277
945,RandomForestRegressor,11,no,2,0.8207339321754747,0.3194172244103054,-0.3194172244103054
946,LinearRegression,5,yes,2,0.7792722080887085,0.31833091288432536,-0.31833091288432536
947,LGBMRegressor,10,yes,2,0.8085503341453488,0.3166810990712009,-0.3166810990712009
948,SVR,3,yes,2,0.6884500412338848,0.3166314084382773,-0.3166314084382773
949,GradientBoostingRegressor,3,no,2,0.7470572509559563,0.3151670445787079,-0.3151670445787079
950,RandomForestRegressor,12,no,2,0.8219201908561968,0.31507638160039286,-0.31507638160039286
951,RandomForestRegressor,13,no,2,0.8152268349077441,0.31446599892089966,-0.31446599892089966
952,GradientBoostingRegressor,8,no,2,0.7719738328435783,0.3143079676059436,-0.3143079676059436
953,SVR,2,yes,2,0.7054919654899383,0.3141353819603032,-0.3141353819603032
954,SVR,5,yes,2,0.7081583923857961,0.31401179462313267,-0.31401179462313267
955,Ridge,7,yes,2,0.7914795049335863,0.3134533075291225,-0.3134533075291225
956,LGBMRegressor,7,yes,2,0.750017839547857,0.31236185424198515,-0.31236185424198515
957,GradientBoostingRegressor,2,no,2,0.7108980118914467,0.3122496878799258,-0.3122496878799258
958,RandomForestRegressor,2,no,2,0.7673359453314754,0.311482362933876,-0.311482362933876
959,LGBMRegressor,11,yes,2,0.8005881265810073,0.3109949121201939,-0.3109949121201939
960,GradientBoostingRegressor,10,no,3,0.7703315234203382,0.31079151674802036,-0.31079151674802036
961,SVR,4,yes,2,0.719544821502208,0.3104878576222875,-0.3104878576222875
962,RandomForestRegressor,4,yes,2,0.800811325673542,0.30950767725071304,-0.30950767725071304
963,RandomForestRegressor,15,no,2,0.8066062565817582,0.3091073845515482,-0.3091073845515482
964,RandomForestRegressor,3,yes,2,0.8057925656904766,0.30646807749895977,-0.30646807749895977
965,SVR,11,no,3,0.7437996072063507,0.3063840685811234,-0.3063840685811234
966,RandomForestRegressor,7,yes,2,0.8031692493204188,0.30500013369671863,-0.30500013369671863
967,Ridge,15,no,2,0.74510830780168,0.304790495607162,-0.304790495607162
968,LinearRegression,4,yes,2,0.7733528749609069,0.3045066729652204,-0.3045066729652204
969,RandomForestRegressor,14,no,2,0.8047561820806599,0.3042142966663699,-0.3042142966663699
970,GradientBoostingRegressor,3,yes,2,0.7632781004343753,0.30365544098225783,-0.30365544098225783
971,RandomForestRegressor,6,yes,2,0.7856510503257688,0.3024696251786384,-0.3024696251786384
972,LinearRegression,10,no,2,0.7397753104013682,0.3020631537849141,-0.3020631537849141
973,Ridge,13,no,2,0.7422613369736377,0.2994913469545122,-0.2994913469545122
974,Ridge,14,no,2,0.7422613369736377,0.2994913469545122,-0.2994913469545122
975,LGBMRegressor,2,yes,2,0.7895000636435529,0.2986432514993219,-0.2986432514993219
976,Ridge,8,yes,2,0.7684517071234478,0.2977426782842577,-0.2977426782842577
977,SVR,10,no,2,0.767877722616463,0.29733471978499104,-0.29733471978499104
978,SVR,4,no,3,0.7286246050817992,0.29664262538928027,-0.29664262538928027
979,RandomForestRegressor,6,no,2,0.7550344338385186,0.2965321141174039,-0.2965321141174039
980,RandomForestRegressor,7,no,2,0.7537228699125764,0.2946280199807515,-0.2946280199807515
981,RandomForestRegressor,8,yes,2,0.8123058409048721,0.29385409076336133,-0.29385409076336133
982,SVR,6,yes,2,0.7027792749940831,0.29267131764671783,-0.29267131764671783
983,RandomForestRegressor,4,no,2,0.7361671841030137,0.2925895026738152,-0.2925895026738152
984,GradientBoostingRegressor,15,no,3,0.7216973720654005,0.2922236094718302,-0.2922236094718302
985,DecisionTreeRegressor,3,no,2,0.7099566589304845,0.29102852959823833,-0.29102852959823833
986,GradientBoostingRegressor,9,no,2,0.7552927914627181,0.29084621209732053,-0.29084621209732053
987,LinearRegression,2,no,2,0.7546798437688698,0.2903088261484923,-0.2903088261484923
988,SVR,11,no,2,0.7759562288072952,0.2901774886322992,-0.2901774886322992
989,Ridge,12,no,2,0.734573906732007,0.29002751864760246,-0.29002751864760246
990,Ridge,6,no,2,0.7754146040582155,0.2898696435858694,-0.2898696435858694
991,Ridge,6,yes,2,0.7813409832140248,0.28930717688983887,-0.28930717688983887
992,DecisionTreeRegressor,3,yes,2,0.702804533029437,0.288064448190536,-0.288064448190536
993,Ridge,2,no,2,0.7550280622960451,0.28768812187688275,-0.28768812187688275
994,Ridge,3,no,2,0.756479946768271,0.28706823561035877,-0.28706823561035877
995,SVR,10,no,3,0.7368648028665635,0.28618530198184944,-0.28618530198184944
996,LinearRegression,3,no,2,0.7644039064576433,0.2860314105496201,-0.2860314105496201
997,SVR,9,no,2,0.760156947326436,0.2846941521342684,-0.2846941521342684
998,SVR,11,yes,2,0.793762791402943,0.28310385899787205,-0.28310385899787205
999,GradientBoostingRegressor,9,yes,2,0.7761404101782101,0.2829007083552897,-0.2829007083552897
1000,Ridge,5,yes,2,0.7885582594605796,0.2811782473386447,-0.2811782473386447
1001,SVR,8,no,2,0.7607102641419068,0.28075359031510305,-0.28075359031510305
1002,SVR,10,yes,2,0.7858509613439701,0.280626212547636,-0.280626212547636
1003,LinearRegression,6,no,2,0.7948080850305046,0.2783163029885919,-0.2783163029885919
1004,SVR,7,yes,2,0.712140458399963,0.2770787797876101,-0.2770787797876101
1005,Ridge,5,no,2,0.771272333546662,0.2759857911152561,-0.2759857911152561
1006,RandomForestRegressor,8,no,2,0.7391763968418061,0.27517069237562275,-0.27517069237562275
1007,RandomForestRegressor,9,yes,2,0.7655307723049141,0.27432238813788157,-0.27432238813788157
1008,LinearRegression,14,no,2,0.7465275134476037,0.27365662682432146,-0.27365662682432146
1009,LinearRegression,13,no,2,0.7465275134476037,0.27365662682432135,-0.27365662682432135
1010,Ridge,4,no,2,0.7618983404266108,0.27342348579454356,-0.27342348579454356
1011,SVR,15,yes,2,0.7614406780772074,0.2731133535214141,-0.2731133535214141
1012,LinearRegression,15,no,2,0.7439621689450547,0.2723678788398929,-0.2723678788398929
1013,SVR,15,no,2,0.7863464849795421,0.272012146761031,-0.272012146761031
1014,SVR,6,no,2,0.7545940407754452,0.2718240224033103,-0.2718240224033103
1015,Ridge,4,yes,2,0.7849738303552767,0.2707134430013741,-0.2707134430013741
1016,SVR,12,no,2,0.7959331490137331,0.26961282577437595,-0.26961282577437595
1017,RandomForestRegressor,2,yes,2,0.691428509040946,0.2695911036060523,-0.2695911036060523
1018,Ridge,3,yes,2,0.7711325285052448,0.269293229998123,-0.269293229998123
1019,LinearRegression,2,yes,2,0.7979859276331784,0.2692811959958096,-0.2692811959958096
1020,SVR,7,no,2,0.7454432337211829,0.26892192327831144,-0.26892192327831144
1021,SVR,14,yes,2,0.7763877160597302,0.26850648986374237,-0.26850648986374237
1022,SVR,13,no,2,0.795073111520996,0.2681524532467141,-0.2681524532467141
1023,SVR,14,no,2,0.7950730198800522,0.26815242749416646,-0.26815242749416646
1024,SVR,9,yes,2,0.7193171073450766,0.2673626994079876,-0.2673626994079876
1025,Ridge,2,yes,2,0.7976967249185486,0.2672892801729738,-0.2672892801729738
1026,LGBMRegressor,4,no,2,0.8437342561820411,0.26578127872494717,-0.26578127872494717
1027,SVR,8,yes,2,0.7156529970994976,0.26567736311846646,-0.26567736311846646
1028,RandomForestRegressor,9,no,2,0.7341921359096617,0.263604088771329,-0.263604088771329
1029,LinearRegression,12,no,2,0.7367725559936865,0.2635239799937784,-0.2635239799937784
1030,LinearRegression,5,no,2,0.7910267986670387,0.2634004321405444,-0.2634004321405444
1031,LGBMRegressor,13,no,2,0.7697430917523238,0.2629531369493626,-0.2629531369493626
1032,LGBMRegressor,14,no,2,0.7697430917523238,0.2629531369493626,-0.2629531369493626
1033,LGBMRegressor,5,no,2,0.7873998150177622,0.26258926500921065,-0.26258926500921065
1034,GradientBoostingRegressor,4,yes,2,0.7247946776448981,0.2597694709940127,-0.2597694709940127
1035,DecisionTreeRegressor,3,no,3,0.6314114354771243,0.259496428879411,-0.259496428879411
1036,LinearRegression,4,no,2,0.7777931934107684,0.25879005922825626,-0.25879005922825626
1037,SVR,13,yes,2,0.7809369289878809,0.2563985784562033,-0.2563985784562033
1038,GradientBoostingRegressor,2,yes,2,0.6914881439985696,0.2561121920221133,-0.2561121920221133
1039,SVR,12,yes,2,0.7884102558335397,0.2550114984270194,-0.2550114984270194
1040,LGBMRegressor,15,no,2,0.776923725926484,0.2547020294220065,-0.2547020294220065
1041,DecisionTreeRegressor,2,yes,2,0.6726157055349303,0.25392141522641587,-0.25392141522641587
1042,GradientBoostingRegressor,10,yes,2,0.828335295194284,0.25390616406077615,-0.25390616406077615
1043,LGBMRegressor,12,no,2,0.7705359296853541,0.25386172193796364,-0.25386172193796364
1044,DecisionTreeRegressor,4,no,2,0.7176056150563475,0.25163063061921676,-0.25163063061921676
1045,DecisionTreeRegressor,9,no,3,0.6745610983394602,0.24218596377743595,-0.24218596377743595
1046,DecisionTreeRegressor,2,no,2,0.6700840945182998,0.24143868033344795,-0.24143868033344795
1047,SVR,3,no,3,0.6961060635617473,0.24115173414772673,-0.24115173414772673
1048,LGBMRegressor,3,no,2,0.8138740987597264,0.2411394185779463,-0.2411394185779463
1049,SVR,8,no,3,0.7110647281683038,0.2338022529059919,-0.2338022529059919
1050,SVR,9,no,3,0.7114558843435109,0.22751180882697716,-0.22751180882697716
1051,LGBMRegressor,15,no,3,0.8391308620815386,0.22086033840036712,-0.22086033840036712
1052,SVR,5,no,3,0.70936535824581,0.2191200405707215,-0.2191200405707215
1053,DecisionTreeRegressor,2,no,3,0.6091198420669793,0.21452880073934488,-0.21452880073934488
1054,LGBMRegressor,11,no,2,0.7722618265159956,0.2131622762752815,-0.2131622762752815
1055,SVR,7,no,3,0.695890559996916,0.21272333211706573,-0.21272333211706573
1056,LGBMRegressor,8,no,2,0.7564968887201176,0.2089360790844007,-0.2089360790844007
1057,LGBMRegressor,10,no,2,0.7596706135280434,0.2077059069818461,-0.2077059069818461
1058,LGBMRegressor,6,no,2,0.7659337312084503,0.2048496418170198,-0.2048496418170198
1059,LGBMRegressor,7,no,2,0.759263484884541,0.198918964438497,-0.198918964438497
1060,LGBMRegressor,2,no,2,0.7594984156502201,0.19882811313989635,-0.19882811313989635
1061,SVR,6,no,3,0.6848517355543288,0.19168296124801731,-0.19168296124801731
1062,LGBMRegressor,9,no,2,0.7393225052055667,0.18343804120059337,-0.18343804120059337
1063,ElasticNet,6,no,2,0.7565195105627422,0.16974686124320193,-0.16974686124320193
1064,ElasticNet,4,no,2,0.7565195105627422,0.16974686124320193,-0.16974686124320193
1065,ElasticNet,5,no,2,0.7565195105627422,0.16974686124320193,-0.16974686124320193
1066,ElasticNet,2,no,2,0.7565195105627422,0.16974686124320193,-0.16974686124320193
1067,ElasticNet,7,no,2,0.7565195105627422,0.16974686124320193,-0.16974686124320193
1068,ElasticNet,13,no,2,0.7565195105627422,0.16974686124320193,-0.16974686124320193
1069,ElasticNet,9,no,2,0.7565195105627422,0.16974686124320193,-0.16974686124320193
1070,ElasticNet,10,no,2,0.7565195105627422,0.16974686124320193,-0.16974686124320193
1071,ElasticNet,11,no,2,0.7565195105627422,0.16974686124320193,-0.16974686124320193
1072,ElasticNet,12,no,2,0.7565195105627422,0.16974686124320193,-0.16974686124320193
1073,ElasticNet,14,no,2,0.7565195105627422,0.16974686124320193,-0.16974686124320193
1074,ElasticNet,15,no,2,0.7565195105627422,0.16974686124320193,-0.16974686124320193
1075,ElasticNet,8,no,2,0.7565195105627422,0.16974686124320193,-0.16974686124320193
1076,Lasso,2,no,2,0.7565195105627422,0.16974686124320193,-0.16974686124320193
1077,Lasso,11,no,2,0.7565195105627422,0.16974686124320193,-0.16974686124320193
1078,Lasso,7,no,2,0.7565195105627422,0.16974686124320193,-0.16974686124320193
1079,Lasso,10,no,2,0.7565195105627422,0.16974686124320193,-0.16974686124320193
1080,Lasso,9,no,2,0.7565195105627422,0.16974686124320193,-0.16974686124320193
1081,Lasso,12,no,2,0.7565195105627422,0.16974686124320193,-0.16974686124320193
1082,Lasso,8,no,2,0.7565195105627422,0.16974686124320193,-0.16974686124320193
1083,Lasso,13,no,2,0.7565195105627422,0.16974686124320193,-0.16974686124320193
1084,Lasso,14,no,2,0.7565195105627422,0.16974686124320193,-0.16974686124320193
1085,Lasso,3,no,2,0.7565195105627422,0.16974686124320193,-0.16974686124320193
1086,Lasso,6,no,2,0.7565195105627422,0.16974686124320193,-0.16974686124320193
1087,Lasso,15,no,2,0.7565195105627422,0.16974686124320193,-0.16974686124320193
1088,ElasticNet,3,no,2,0.7565195105627422,0.16974686124320193,-0.16974686124320193
1089,Lasso,4,no,2,0.7565195105627422,0.16974686124320193,-0.16974686124320193
1090,Lasso,5,no,2,0.7565195105627422,0.16974686124320193,-0.16974686124320193
1091,Lasso,5,yes,2,0.7697165210271018,0.15162177674310973,-0.15162177674310973
1092,Lasso,3,yes,2,0.7697165210271018,0.15162177674310973,-0.15162177674310973
1093,Lasso,9,yes,2,0.7697165210271018,0.15162177674310973,-0.15162177674310973
1094,Lasso,11,yes,2,0.7697165210271018,0.15162177674310973,-0.15162177674310973
1095,Lasso,4,yes,2,0.7697165210271018,0.15162177674310973,-0.15162177674310973
1096,Lasso,8,yes,2,0.7697165210271018,0.15162177674310973,-0.15162177674310973
1097,ElasticNet,15,yes,2,0.7697165210271018,0.15162177674310973,-0.15162177674310973
1098,ElasticNet,2,yes,2,0.7697165210271018,0.15162177674310973,-0.15162177674310973
1099,ElasticNet,14,yes,2,0.7697165210271018,0.15162177674310973,-0.15162177674310973
1100,Lasso,12,yes,2,0.7697165210271018,0.15162177674310973,-0.15162177674310973
1101,Lasso,10,yes,2,0.7697165210271018,0.15162177674310973,-0.15162177674310973
1102,ElasticNet,13,yes,2,0.7697165210271018,0.15162177674310973,-0.15162177674310973
1103,ElasticNet,5,yes,2,0.7697165210271018,0.15162177674310973,-0.15162177674310973
1104,Lasso,7,yes,2,0.7697165210271018,0.15162177674310973,-0.15162177674310973
1105,Lasso,13,yes,2,0.7697165210271018,0.15162177674310973,-0.15162177674310973
1106,ElasticNet,11,yes,2,0.7697165210271018,0.15162177674310973,-0.15162177674310973
1107,ElasticNet,3,yes,2,0.7697165210271018,0.15162177674310973,-0.15162177674310973
1108,ElasticNet,10,yes,2,0.7697165210271018,0.15162177674310973,-0.15162177674310973
1109,ElasticNet,9,yes,2,0.7697165210271018,0.15162177674310973,-0.15162177674310973
1110,Lasso,6,yes,2,0.7697165210271018,0.15162177674310973,-0.15162177674310973
1111,ElasticNet,8,yes,2,0.7697165210271018,0.15162177674310973,-0.15162177674310973
1112,Lasso,14,yes,2,0.7697165210271018,0.15162177674310973,-0.15162177674310973
1113,ElasticNet,7,yes,2,0.7697165210271018,0.15162177674310973,-0.15162177674310973
1114,ElasticNet,4,yes,2,0.7697165210271018,0.15162177674310973,-0.15162177674310973
1115,ElasticNet,6,yes,2,0.7697165210271018,0.15162177674310973,-0.15162177674310973
1116,Lasso,15,yes,2,0.7697165210271018,0.15162177674310973,-0.15162177674310973
1117,ElasticNet,12,yes,2,0.7697165210271018,0.15162177674310973,-0.15162177674310973
1118,Lasso,2,yes,2,0.7697165210271018,0.15162177674310973,-0.15162177674310973
1119,GradientBoostingRegressor,9,no,3,0.7245426997343257,0.14803096943875957,-0.14803096943875957
